# index, id, female, _pos
0,0,0,"array([16.74427184, 21.06283843])"
1,1,0,"array([16.72531926, 21.05671322])"
2,2,0,"array([16.67590469, 21.03805031])"
3,3,0,"array([16.74520122, 21.09838673])"
4,4,0,"array([16.74056614, 21.10296447])"
5,5,0,"array([16.71060879, 21.0842404 ])"
6,6,0,"array([16.74592488, 21.11963901])"
7,7,0,"array([16.80377356, 21.10408054])"
8,8,0,"array([16.71198889, 21.01131845])"
9,10,0,"array([16.67571549, 21.08566067])"
10,11,0,"array([16.70785951, 21.0826848 ])"
11,12,0,"array([16.73015886, 21.07402742])"
12,13,0,"array([16.71725829, 21.08281811])"
13,14,0,"array([16.75469056, 21.06279453])"
14,15,0,"array([16.74110973, 21.11954206])"
15,16,0,"array([16.73160977, 21.11891549])"
16,17,0,"array([16.77878716, 21.05562967])"
17,18,0,"array([16.71472395, 21.12311344])"
18,19,0,"array([16.72007382, 21.04887185])"
19,20,0,"array([16.70515445, 21.13695219])"
20,21,0,"array([16.69626304, 21.15087461])"
21,22,0,"array([16.70725519, 21.08586857])"
22,23,0,"array([16.75004866, 21.08426544])"
23,24,0,"array([16.64035977, 21.04706974])"
24,25,0,"array([16.74109839, 21.06203108])"
25,26,0,"array([16.71165354, 21.19306552])"
26,27,0,"array([16.7593299 , 21.13191762])"
27,28,0,"array([16.77259423, 21.03515071])"
28,29,0,"array([16.7060864 , 21.11319961])"
29,30,0,"array([16.74048076, 21.13754223])"
30,31,0,"array([16.74113487, 21.0510097 ])"
31,32,0,"array([16.72297231, 21.12951071])"
32,33,0,"array([16.80448804, 21.12797056])"
33,34,0,"array([16.73332919, 21.04215021])"
34,35,0,"array([16.72167145, 21.0783873 ])"
35,36,0,"array([16.76847998, 21.10537593])"
36,37,0,"array([16.77156194, 21.0865957 ])"
37,38,0,"array([16.69514748, 21.0465457 ])"
38,39,0,"array([16.69030131, 21.11086917])"
39,40,0,"array([16.77712259, 21.34403895])"
40,41,0,"array([16.76120486, 21.11517891])"
41,42,0,"array([16.69997589, 21.07277601])"
42,43,0,"array([16.78231614, 21.01999376])"
43,44,0,"array([16.7553958 , 21.07653333])"
44,45,0,"array([16.67705158, 21.06228235])"
45,46,0,"array([16.75736379, 21.09911904])"
46,47,0,"array([16.72289774, 21.06585747])"
47,48,0,"array([16.75944161, 21.10457565])"
48,49,0,"array([16.75402882, 21.0846083 ])"
49,50,0,"array([16.73367401, 21.05139374])"
50,51,0,"array([16.73391024, 21.09583433])"
51,52,0,"array([16.73636094, 21.07516144])"
52,53,0,"array([16.70744976, 21.06884526])"
53,54,0,"array([16.70254512, 21.08673101])"
54,55,0,"array([16.75192455, 21.06327444])"
55,56,0,"array([16.74040371, 21.10070881])"
56,57,0,"array([16.75090853, 21.06993168])"
57,58,0,"array([16.74403093, 21.11745036])"
58,59,0,"array([16.76795009, 21.03997925])"
59,60,0,"array([16.63955703, 20.82486026])"
60,61,0,"array([16.72998172, 21.10780828])"
61,62,0,"array([16.73302429, 21.06654159])"
62,63,0,"array([16.71396108, 21.08108848])"
63,64,0,"array([16.7479618 , 21.06516513])"
64,65,0,"array([16.77040128, 21.08998171])"
65,66,0,"array([16.76790463, 21.01390826])"
66,67,0,"array([16.72026778, 21.13700294])"
67,68,0,"array([16.70657243, 21.04391008])"
68,69,0,"array([16.74576971, 21.08352419])"
69,70,0,"array([16.69927664, 21.07765101])"
70,71,0,"array([16.68701694, 21.04258536])"
71,72,0,"array([16.75516334, 21.07306257])"
72,73,0,"array([16.73618087, 21.07108059])"
73,74,0,"array([16.77180851, 21.06882113])"
74,75,0,"array([16.76767286, 21.08634034])"
75,76,0,"array([16.77076059, 21.11081961])"
76,77,0,"array([16.77462245, 21.24511336])"
77,78,0,"array([16.76374186, 21.06636595])"
78,79,0,"array([16.75199645, 21.10381251])"
79,80,0,"array([16.78285707, 21.09208399])"
80,81,0,"array([16.72370596, 21.08276132])"
81,82,0,"array([16.79029703, 21.10242583])"
82,83,0,"array([16.73709354, 21.08578501])"
83,84,0,"array([16.75348019, 21.0580885 ])"
84,85,0,"array([16.77920388, 21.07624002])"
85,86,0,"array([16.72475107, 21.00900227])"
86,87,0,"array([16.76118871, 21.08372811])"
87,88,0,"array([16.72757112, 21.09258979])"
88,89,0,"array([16.65648288, 21.10385737])"
89,90,0,"array([16.73822887, 21.07817463])"
90,91,0,"array([16.73712425, 21.05483012])"
91,92,0,"array([16.71085392, 21.09027573])"
92,93,0,"array([16.72457337, 21.13371847])"
93,94,0,"array([16.76480513, 21.11847025])"
94,95,0,"array([16.70930791, 21.09399902])"
95,96,0,"array([16.74244353, 21.08671502])"
96,97,0,"array([16.71454608, 21.06484711])"
97,98,0,"array([16.73927465, 21.02693598])"
98,99,0,"array([16.75221931, 21.1262317 ])"
99,100,0,"array([16.73565979, 21.10771075])"
100,101,0,"array([16.76535738, 21.0973331 ])"
101,102,0,"array([16.69506514, 21.05866131])"
102,104,0,"array([16.76613984, 21.08235899])"
103,105,0,"array([16.731514  , 21.06015758])"
104,106,0,"array([16.74953855, 21.07086195])"
105,107,0,"array([16.73022434, 21.09121867])"
106,108,0,"array([16.74785915, 21.06739608])"
107,109,0,"array([16.75766507, 21.11694942])"
108,110,0,"array([17.01601291, 21.2202407 ])"
109,111,0,"array([16.76259093, 21.09594226])"
110,112,0,"array([16.7546441 , 21.14570283])"
111,113,0,"array([16.70126329, 21.0583093 ])"
112,114,0,"array([16.71760547, 21.10544644])"
113,115,0,"array([16.67710297, 21.07876829])"
114,116,0,"array([16.6875743 , 21.08640865])"
115,117,0,"array([16.4471626 , 21.27539755])"
116,118,0,"array([16.68161652, 21.11384951])"
117,119,0,"array([16.72905594, 21.0662914 ])"
118,120,0,"array([16.69286651, 21.08577529])"
119,121,0,"array([16.77573216, 21.0845936 ])"
120,122,0,"array([16.70565526, 21.10547624])"
121,123,0,"array([16.72379655, 21.07570519])"
122,124,0,"array([16.78531485, 21.11057481])"
123,125,0,"array([16.68784051, 21.13621419])"
124,126,0,"array([16.7788837 , 21.04885246])"
125,127,0,"array([16.69015245, 21.06732579])"
126,128,0,"array([16.73991682, 21.08838684])"
127,129,0,"array([16.74302659, 21.04603469])"
128,130,0,"array([16.74823991, 21.11643876])"
129,131,0,"array([16.71236112, 21.04756637])"
130,132,0,"array([16.70509059, 21.06426709])"
131,133,0,"array([16.72073499, 21.12474131])"
132,135,0,"array([16.747619  , 21.26790225])"
133,136,0,"array([16.7577177 , 21.07372461])"
134,137,0,"array([16.74484009, 21.07116451])"
135,138,0,"array([16.66931227, 21.04784367])"
136,139,0,"array([16.7358033 , 21.12597681])"
137,140,0,"array([16.69855775, 21.09341734])"
138,141,0,"array([16.68447815, 21.05252321])"
139,143,0,"array([16.70916265, 21.02490319])"
140,144,0,"array([16.73594916, 21.09999194])"
141,145,0,"array([16.74668367, 21.05335827])"
142,146,0,"array([16.70408617, 21.07334429])"
143,147,0,"array([16.72983526, 21.13326911])"
144,148,0,"array([16.73472554, 21.08900779])"
145,149,0,"array([16.7601991, 21.0762776])"
146,150,0,"array([16.61065879, 21.14585717])"
147,151,0,"array([16.72632699, 21.07644567])"
148,152,0,"array([16.74200044, 21.1127917 ])"
149,153,0,"array([16.67203711, 21.091882  ])"
150,154,0,"array([16.73691813, 21.10336526])"
151,155,0,"array([16.73670056, 21.06656153])"
152,156,0,"array([16.7198842 , 21.11638079])"
153,157,0,"array([16.73263144, 21.10649786])"
154,158,0,"array([16.75762073, 21.10737333])"
155,159,0,"array([16.69690449, 21.11357884])"
156,160,0,"array([16.71375027, 21.13516703])"
157,161,0,"array([16.77678658, 21.02599217])"
158,163,0,"array([16.75830448, 21.05996739])"
159,164,0,"array([16.76246244, 21.05760269])"
160,165,0,"array([16.77367338, 21.10360595])"
161,166,0,"array([16.76158084, 21.10580265])"
162,167,0,"array([16.76319163, 21.04892445])"
163,168,0,"array([16.69660309, 21.08457994])"
164,169,0,"array([16.77444652, 21.07697608])"
165,170,0,"array([16.75992682, 21.0645319 ])"
166,171,0,"array([16.75804715, 21.04292969])"
167,172,0,"array([16.69567754, 21.10074155])"
168,173,0,"array([16.73743392, 21.08147369])"
169,174,0,"array([16.68464936, 21.11745263])"
170,175,0,"array([16.7298261 , 21.06225113])"
171,176,0,"array([16.73078689, 21.08127135])"
172,177,0,"array([16.73551149, 21.11314639])"
173,178,0,"array([16.76523266, 21.123057  ])"
174,179,0,"array([16.74293395, 21.09255594])"
175,180,0,"array([16.72731608, 21.09585313])"
176,181,0,"array([16.74492911, 21.07698936])"
177,182,0,"array([16.73698416, 21.09419223])"
178,183,0,"array([16.74414954, 21.08963554])"
179,184,0,"array([16.50368537, 21.12174671])"
180,185,0,"array([16.73430933, 21.04703788])"
181,186,0,"array([16.77024369, 21.06421239])"
182,187,0,"array([16.70093111, 21.12497914])"
183,188,0,"array([16.71824302, 21.10177135])"
184,189,0,"array([16.7581199 , 21.08390284])"
185,190,0,"array([16.74296911, 21.08269447])"
186,191,0,"array([16.7556234 , 21.08736554])"
187,192,0,"array([16.73991596, 21.10685106])"
188,193,0,"array([16.75058033, 21.09201285])"
189,194,0,"array([16.73355437, 21.06241656])"
190,195,0,"array([16.73717919, 21.11797212])"
191,196,0,"array([16.7596105 , 21.11926686])"
192,197,0,"array([16.68188996, 21.10982642])"
193,198,0,"array([16.74026225, 21.12263574])"
194,199,0,"array([16.69256529, 21.0620008 ])"
195,200,0,"array([16.75714733, 21.1374875 ])"
196,201,0,"array([16.74729561, 21.10172888])"
197,202,0,"array([16.9702076 , 21.34285104])"
198,203,0,"array([16.73785142, 21.1302618 ])"
199,204,0,"array([16.77138803, 21.04818716])"
200,205,0,"array([16.7551448 , 21.09095327])"
201,206,0,"array([16.7245073 , 21.06885404])"
202,207,0,"array([16.72178277, 21.09942021])"
203,208,0,"array([16.74217037, 21.0708574 ])"
204,209,0,"array([16.70408569, 21.12133189])"
205,210,0,"array([16.73957502, 21.04745057])"
206,211,0,"array([16.77089479, 21.11454776])"
207,212,0,"array([16.71683067, 21.03576708])"
208,213,0,"array([16.79437056, 21.09275526])"
209,214,0,"array([16.68887465, 21.03327702])"
210,215,0,"array([16.73998965, 21.07295769])"
211,216,0,"array([16.76797093, 21.05005401])"
212,217,0,"array([16.75481235, 21.07013668])"
213,218,0,"array([16.70763749, 21.1030582 ])"
214,219,0,"array([16.6665342 , 21.05867964])"
215,220,0,"array([16.71291855, 21.07402696])"
216,221,0,"array([16.74851776, 21.08908784])"
217,222,0,"array([16.7053431 , 21.08161097])"
218,223,0,"array([16.72531167, 21.12475785])"
219,224,0,"array([16.70553818, 21.11015404])"
220,225,0,"array([16.68565202, 21.11291902])"
221,226,0,"array([16.66653876, 21.09927807])"
222,227,0,"array([16.6809541 , 21.12356438])"
223,228,0,"array([16.73856225, 21.05839745])"
224,229,0,"array([16.74667111, 21.10775457])"
225,230,0,"array([16.74780334, 21.12783742])"
226,231,0,"array([16.72947332, 21.03944938])"
227,232,0,"array([16.68502877, 21.09934232])"
228,233,0,"array([16.74645545, 21.14498313])"
229,234,0,"array([16.74689216, 21.01532248])"
230,235,0,"array([16.74485203, 21.06864678])"
231,236,0,"array([16.71563336, 21.07205328])"
232,237,0,"array([16.72696954, 21.09976242])"
233,238,0,"array([16.69897984, 21.09751022])"
234,239,0,"array([16.71732812, 21.07752933])"
235,240,0,"array([16.75502063, 21.09728017])"
236,241,0,"array([16.70616121, 21.15601545])"
237,242,0,"array([16.77334619, 21.09833043])"
238,243,0,"array([16.73385576, 21.05635756])"
239,244,0,"array([16.74248562, 21.05968727])"
240,245,0,"array([16.72126323, 21.25047853])"
241,246,0,"array([16.70875346, 21.12068106])"
242,247,0,"array([16.69066928, 21.05850017])"
243,248,0,"array([16.6750289 , 21.11695664])"
244,249,0,"array([16.76166282, 21.09177766])"
245,250,0,"array([16.7279148 , 21.05944547])"
246,251,0,"array([16.67556333, 21.12434912])"
247,252,0,"array([16.68386972, 21.08947447])"
248,253,0,"array([16.71111844, 21.06740905])"
249,254,0,"array([16.72312758, 21.08873973])"
250,255,0,"array([16.71942681, 21.22233642])"
251,256,0,"array([16.78804774, 21.09517684])"
252,257,0,"array([16.69464668, 21.10937717])"
253,258,0,"array([16.74655458, 21.02615905])"
254,259,0,"array([16.76515006, 21.0746534 ])"
255,260,0,"array([16.71017717, 21.07595324])"
256,261,0,"array([16.7002659 , 21.04427634])"
257,262,0,"array([16.72721052, 21.0828159 ])"
258,263,0,"array([16.73122542, 21.08821474])"
259,264,0,"array([16.73726138, 21.0428227 ])"
260,265,0,"array([16.7261713 , 21.10827916])"
261,266,0,"array([16.73384046, 21.1280508 ])"
262,267,0,"array([16.69637395, 21.07641122])"
263,268,0,"array([16.72107507, 21.09310776])"
264,269,0,"array([16.69718502, 21.06333389])"
265,270,0,"array([16.78325828, 21.19245123])"
266,271,0,"array([16.77475469, 21.12163428])"
267,272,0,"array([16.75517797, 21.10354527])"
268,273,0,"array([16.7043587 , 21.10119816])"
269,274,0,"array([16.73055101, 21.11282355])"
270,275,0,"array([16.77556475, 21.06602962])"
271,276,0,"array([16.753272  , 21.10039933])"
272,277,0,"array([16.67138616, 21.11345853])"
273,278,0,"array([16.74401257, 21.06487579])"
274,279,0,"array([16.71242486, 21.11510777])"
275,280,0,"array([16.71911363, 21.07496911])"
276,281,0,"array([16.71354323, 21.11846064])"
277,282,0,"array([16.7022606 , 21.11408897])"
278,283,0,"array([16.71321756, 21.08697003])"
279,284,0,"array([16.7668169 , 21.06357883])"
280,285,0,"array([16.73059417, 21.05082783])"
281,286,0,"array([16.74767386, 21.07687048])"
282,287,0,"array([16.74972625, 21.12336762])"
283,288,0,"array([16.76868434, 21.07759724])"
284,289,0,"array([16.74724398, 21.11018469])"
285,290,0,"array([16.71395436, 21.09959732])"
286,291,0,"array([16.75055827, 21.11374025])"
287,292,0,"array([16.72870862, 21.04460367])"
288,293,0,"array([16.66487415, 21.07354728])"
289,294,0,"array([16.73045351, 21.07701716])"
290,295,0,"array([16.69408748, 21.08297536])"
291,296,0,"array([16.76927407, 21.12558646])"
292,297,0,"array([16.71552627, 21.09006571])"
293,298,0,"array([16.72474783, 21.14804157])"
294,299,0,"array([16.72842245, 21.11440933])"
295,300,0,"array([16.76499858, 21.10245746])"
296,301,0,"array([16.7532623, 21.0952841])"
297,302,0,"array([16.7620045, 21.0402539])"
298,303,0,"array([16.6707656 , 21.06490941])"
299,304,0,"array([16.76410311, 21.05445344])"
300,306,0,"array([16.72231735, 21.1049225 ])"
301,307,0,"array([16.67576671, 21.10615376])"
302,308,0,"array([16.74991161, 21.11849299])"
303,309,0,"array([16.73132961, 21.04795629])"
304,310,0,"array([16.72106073, 21.11160707])"
305,311,0,"array([16.73224545, 21.10194787])"
306,312,0,"array([16.71440524, 21.16706044])"
307,313,0,"array([17.00877931, 21.30617768])"
308,314,0,"array([16.68156998, 21.086157  ])"
309,315,0,"array([16.7755936 , 21.11824053])"
310,317,0,"array([16.75912482, 21.03599512])"
311,318,0,"array([16.72139705, 21.05355297])"
312,319,0,"array([16.72726856, 21.02580903])"
313,320,0,"array([16.58673663, 20.91643669])"
314,321,0,"array([16.75837739, 21.01619848])"
315,322,0,"array([16.75101986, 21.02714827])"
316,323,0,"array([16.74496082, 21.13642306])"
317,324,0,"array([16.73622558, 21.09066524])"
318,325,0,"array([16.7237359, 21.060788 ])"
319,326,0,"array([16.71842302, 21.13058698])"
320,327,0,"array([16.73680988, 21.0329057 ])"
321,328,0,"array([16.7258531 , 21.01925952])"
322,329,0,"array([16.75515861, 21.15781042])"
323,330,0,"array([16.75405374, 21.1142781 ])"
324,331,0,"array([16.6941764 , 21.11853513])"
325,332,0,"array([16.65247993, 21.0102658 ])"
326,334,0,"array([16.71693413, 21.11109029])"
327,335,0,"array([16.74748085, 21.07459724])"
328,336,0,"array([16.76875885, 21.0740712 ])"
329,337,0,"array([16.66438768, 21.02664423])"
330,338,0,"array([16.73815578, 21.11379786])"
331,339,0,"array([16.7648017 , 21.07833147])"
332,340,0,"array([16.78742673, 21.08641091])"
333,341,0,"array([16.67862176, 21.10045654])"
334,342,0,"array([16.75324332, 21.080923  ])"
335,343,0,"array([16.67463198, 21.10023002])"
336,344,0,"array([16.72775851, 21.11827819])"
337,345,0,"array([16.727962  , 21.04875431])"
338,346,0,"array([16.53023973, 21.25216062])"
339,347,0,"array([16.68679221, 21.22821135])"
340,348,0,"array([16.74328525, 21.13019405])"
341,349,0,"array([16.75224951, 21.05332403])"
342,350,0,"array([16.74111631, 21.05452827])"
343,351,0,"array([16.78280904, 21.08168697])"
344,352,0,"array([16.69026717, 21.07295896])"
345,353,0,"array([16.73263732, 21.1240743 ])"
346,354,0,"array([16.69963813, 21.0509733 ])"
347,355,0,"array([16.7680823 , 21.13039577])"
348,356,0,"array([16.7292386 , 21.05519156])"
349,357,0,"array([16.72429831, 21.08606015])"
350,358,0,"array([16.73292531, 21.0842888 ])"
351,359,0,"array([16.75724998, 21.07743655])"
352,360,0,"array([16.69922548, 21.05503018])"
353,361,0,"array([16.77337036, 21.04179038])"
354,362,0,"array([16.73926758, 21.01028161])"
355,363,0,"array([16.7097174 , 21.07946479])"
356,364,0,"array([16.71497965, 21.07666398])"
357,365,0,"array([16.76329623, 21.08769068])"
358,366,0,"array([16.74864531, 21.09575492])"
359,367,0,"array([16.78367354, 21.07462813])"
360,368,0,"array([16.72018391, 21.10898611])"
361,369,0,"array([16.7119644 , 21.12943041])"
362,370,0,"array([16.77802254, 21.09578393])"
363,371,0,"array([16.7343502 , 21.07953475])"
364,372,0,"array([16.74115774, 21.07673061])"
365,373,0,"array([16.74929987, 21.09921456])"
366,374,0,"array([16.69603606, 21.07260737])"
367,375,0,"array([16.69847746, 21.06697526])"
368,376,0,"array([16.72876391, 21.1011662 ])"
369,377,0,"array([16.78192202, 21.12972144])"
370,378,0,"array([16.7203992 , 21.09701565])"
371,379,0,"array([16.77950044, 21.07335202])"
372,380,0,"array([16.72522908, 21.04015536])"
373,381,0,"array([16.7189636 , 21.14722313])"
374,382,0,"array([16.68857304, 21.07862949])"
375,383,0,"array([16.75915472, 21.1120568 ])"
376,384,0,"array([16.73644252, 21.05947457])"
377,385,0,"array([16.79444703, 21.0794343 ])"
378,386,0,"array([16.70254618, 21.09526272])"
379,387,0,"array([16.44148096, 21.08909962])"
380,388,0,"array([16.74021465, 21.12769768])"
381,389,0,"array([16.75665346, 21.08148557])"
382,390,0,"array([16.72054309, 21.08618996])"
383,391,0,"array([16.70733844, 21.1327045 ])"
384,392,0,"array([16.76978534, 21.14592865])"
385,393,0,"array([16.58823242, 21.04066741])"
386,394,0,"array([16.70523919, 21.091176  ])"
387,395,0,"array([16.74511524, 21.12595326])"
388,396,0,"array([16.71624038, 21.06091937])"
389,397,0,"array([16.7156769 , 21.10329048])"
390,399,0,"array([16.74762323, 21.0596602 ])"
391,400,0,"array([16.78315898, 21.12083582])"
392,401,0,"array([16.74865339, 21.08141186])"
393,402,0,"array([16.6879069, 21.0821713])"
394,403,0,"array([16.69316588, 21.09255561])"
395,404,0,"array([16.76169243, 21.10853409])"
396,405,0,"array([16.7619431 , 21.09982669])"
397,406,0,"array([16.77386261, 21.09221771])"
398,407,0,"array([16.70965571, 21.10833126])"
399,408,0,"array([16.68865586, 21.09647019])"
400,409,0,"array([16.74752039, 21.03405202])"
401,410,0,"array([16.57676996, 20.96733196])"
402,411,0,"array([16.7681998 , 21.05588103])"
403,412,0,"array([16.70734107, 21.07834376])"
404,413,0,"array([16.68077097, 21.10446683])"
405,414,0,"array([16.76057888, 21.08069412])"
406,415,0,"array([16.75110719, 21.10822917])"
407,416,0,"array([16.73273101, 21.11667203])"
408,417,0,"array([16.60957841, 21.31968205])"
409,418,0,"array([16.76053788, 21.08780354])"
410,419,0,"array([16.69994487, 21.02588968])"
411,420,0,"array([16.75423867, 21.00578695])"
412,421,0,"array([16.74085005, 21.07959743])"
413,422,0,"array([16.74705472, 21.09119521])"
414,423,0,"array([16.75598124, 21.05295845])"
415,424,0,"array([16.73116288, 21.09915984])"
416,425,0,"array([16.69012972, 21.1004258 ])"
417,426,0,"array([16.77500576, 21.21689109])"
418,427,0,"array([16.72661196, 21.05192264])"
419,428,0,"array([16.71594513, 21.05094717])"
420,429,0,"array([16.79218439, 21.07458116])"
421,430,0,"array([16.71642398, 21.03070274])"
422,431,0,"array([16.77861806, 21.06816181])"
423,432,0,"array([16.70233677, 21.06325127])"
424,433,0,"array([16.7324152 , 21.02840739])"
425,434,0,"array([16.70518497, 21.12669231])"
426,435,0,"array([16.73037696, 21.0344387 ])"
427,436,0,"array([16.68885051, 21.12103912])"
428,437,0,"array([16.73392118, 21.06850432])"
429,438,0,"array([16.76522172, 21.10913179])"
430,439,0,"array([16.68872325, 21.11647484])"
431,440,0,"array([16.77643999, 21.10760331])"
432,441,0,"array([16.70770013, 21.09028862])"
433,442,0,"array([16.69610481, 21.13822819])"
434,443,0,"array([16.75014441, 21.13351638])"
435,444,0,"array([16.68086828, 21.07411297])"
436,445,0,"array([16.65659776, 21.04410804])"
437,446,0,"array([16.77862525, 21.11334677])"
438,448,0,"array([16.73317896, 21.07254986])"
439,449,0,"array([16.73326669, 21.07502216])"
440,450,0,"array([16.68259332, 21.04607984])"
441,451,0,"array([16.76789187, 21.02521407])"
442,452,0,"array([16.70449521, 21.05648457])"
443,453,0,"array([16.77337187, 21.05449474])"
444,454,0,"array([16.75104841, 21.04456875])"
445,455,0,"array([16.69780435, 21.10454666])"
446,456,0,"array([16.70882478, 21.14310962])"
447,457,0,"array([16.74327207, 21.11066113])"
448,458,0,"array([16.71185899, 21.05901651])"
449,459,0,"array([16.71773555, 21.05792775])"
450,460,0,"array([16.64003754, 21.07885292])"
451,461,0,"array([16.70769298, 21.09862925])"
452,462,0,"array([16.76698393, 21.05869475])"
453,463,0,"array([16.79941726, 21.0393813 ])"
454,464,0,"array([16.63342059, 21.10860071])"
455,465,0,"array([16.72458828, 21.10282483])"
456,466,0,"array([16.70136042, 21.08441878])"
457,467,0,"array([16.7163259 , 21.09838583])"
458,468,0,"array([16.66936528, 21.08463864])"
459,469,0,"array([16.72936531, 21.12740002])"
460,470,0,"array([16.75187927, 21.06603628])"
461,471,0,"array([16.71375827, 21.05398248])"
462,472,0,"array([16.72912797, 21.08470384])"
463,473,0,"array([16.7572566 , 21.06992448])"
464,474,0,"array([16.76245221, 21.06219584])"
465,475,0,"array([16.6920068 , 21.07823357])"
466,476,0,"array([16.72944118, 21.09522641])"
467,477,0,"array([16.74851587, 21.15588448])"
468,478,0,"array([16.72504824, 21.13805336])"
469,479,0,"array([16.73511035, 21.13485939])"
470,480,0,"array([16.74079962, 21.0415621 ])"
471,481,0,"array([16.72826171, 21.12401932])"
472,482,0,"array([16.68104859, 21.08103822])"
473,483,0,"array([16.75622198, 21.04712638])"
474,484,0,"array([16.77448598, 21.12931746])"
475,485,0,"array([16.73451515, 21.09238005])"
476,486,0,"array([16.70207939, 21.06794135])"
477,487,0,"array([16.76562345, 21.13723821])"
478,488,0,"array([16.74672784, 21.08707591])"
479,489,0,"array([16.7411255 , 21.03398382])"
480,490,0,"array([16.68103829, 21.06785857])"
481,491,0,"array([16.7385429 , 21.06875865])"
482,492,0,"array([16.72339414, 21.11563788])"
483,493,0,"array([16.7476777 , 21.04416829])"
484,494,0,"array([16.76188896, 21.07202307])"
485,495,0,"array([16.74568291, 20.9945737 ])"
486,496,0,"array([16.64794104, 21.06132654])"
487,497,0,"array([16.67723674, 21.05449976])"
488,498,0,"array([16.73310449, 21.0126026 ])"
489,499,0,"array([16.70969952, 21.06320237])"
490,500,0,"array([16.68125885, 21.02627359])"
491,501,0,"array([16.75344047, 21.03361025])"
492,502,0,"array([16.70424539, 21.05205518])"
493,503,0,"array([16.76791023, 21.10067918])"
494,504,0,"array([16.68671605, 21.10781073])"
495,505,0,"array([16.71038681, 21.10176318])"
496,506,0,"array([16.72567017, 21.11160894])"
497,507,0,"array([16.73598356, 21.12084283])"
498,508,0,"array([16.75971669, 21.04588837])"
499,509,0,"array([16.72482106, 21.12147412])"
500,510,0,"array([16.74008768, 21.14986305])"
501,512,0,"array([16.74889637, 21.10517596])"
502,513,0,"array([16.76926477, 21.08252887])"
503,514,0,"array([16.74034134, 21.06639803])"
504,515,0,"array([16.68299864, 21.07786967])"
505,516,0,"array([16.65911856, 21.03602061])"
506,517,0,"array([16.6740944 , 21.07058738])"
507,518,0,"array([16.75326243, 21.13175905])"
508,519,0,"array([16.76750197, 21.06745168])"
509,520,0,"array([16.73747391, 21.03918764])"
510,521,0,"array([16.72512138, 21.10616529])"
511,522,0,"array([16.69004323, 21.10655548])"
512,523,0,"array([16.72126099, 21.058532  ])"
513,524,0,"array([16.74223308, 21.09660151])"
514,525,0,"array([16.75073934, 21.07446508])"
515,526,0,"array([16.75992612, 21.02484945])"
516,527,0,"array([16.67180202, 21.07627492])"
517,528,0,"array([16.73399156, 21.10935249])"
518,529,0,"array([16.7691625 , 21.09486945])"
519,530,0,"array([16.75582116, 21.06695025])"
520,531,0,"array([16.7224815 , 21.07168466])"
521,532,0,"array([16.74498144, 21.08024214])"
522,533,0,"array([16.71832792, 21.02049821])"
523,534,0,"array([16.70852099, 21.07308625])"
524,535,0,"array([16.76538496, 21.09144552])"
525,536,0,"array([16.76655915, 21.11432309])"
526,537,0,"array([16.74428518, 21.04887555])"
527,538,0,"array([16.76209553, 21.12749335])"
528,539,0,"array([16.72578361, 21.06445524])"
529,540,0,"array([16.72784326, 21.0892022 ])"
530,541,0,"array([16.74586524, 21.09538203])"
531,542,0,"array([16.7193831, 21.0818323])"
532,543,0,"array([16.70083345, 21.08030519])"
533,544,0,"array([16.71399876, 21.04187287])"
534,545,0,"array([16.69328318, 21.1138878 ])"
535,546,0,"array([16.74365989, 21.12137075])"
536,547,0,"array([16.74525253, 21.05615983])"
537,548,0,"array([16.70574624, 21.03110195])"
538,549,0,"array([16.7594898 , 21.05175131])"
539,550,0,"array([16.75655069, 21.1242516 ])"
540,551,0,"array([16.70193417, 21.10645091])"
541,552,0,"array([16.73602057, 21.14135726])"
542,553,0,"array([16.68680096, 21.10385666])"
543,554,0,"array([16.68927838, 21.04807788])"
544,555,0,"array([16.74844655, 21.05657995])"
545,556,0,"array([16.72698048, 21.06839816])"
546,557,0,"array([16.69514819, 21.04150118])"
547,558,0,"array([16.72844106, 21.10561033])"
548,559,0,"array([16.75085133, 21.07747783])"
549,560,0,"array([16.72324654, 21.09269025])"
550,561,0,"array([16.75063681, 21.03938351])"
551,562,0,"array([16.72819884, 21.15831921])"
552,563,0,"array([16.71401673, 21.10781101])"
553,565,0,"array([16.735092  , 21.00079156])"
554,566,0,"array([16.72744836, 21.23304652])"
555,567,0,"array([16.69489386, 21.08976346])"
556,568,0,"array([16.7392818 , 21.11083563])"
557,569,0,"array([16.74524388, 21.11295483])"
558,570,0,"array([16.6994568 , 21.13075491])"
559,571,0,"array([16.71800437, 21.06625754])"
560,572,0,"array([16.71909755, 21.11951268])"
561,573,0,"array([16.65521871, 21.07777883])"
562,574,0,"array([16.64695974, 21.14805626])"
563,575,0,"array([16.74932396, 21.04857276])"
564,576,0,"array([16.75061921, 21.05929756])"
565,577,0,"array([16.72182489, 21.20485572])"
566,578,0,"array([16.72635926, 21.08052401])"
567,579,0,"array([16.69453665, 21.12395103])"
568,580,0,"array([16.70103409, 21.09169707])"
569,582,0,"array([16.77381381, 21.07162389])"
570,583,0,"array([16.74092175, 21.09220397])"
571,584,0,"array([16.77333892, 21.08008369])"
572,585,0,"array([16.70661675, 21.09556009])"
573,586,0,"array([16.75288443, 21.05059199])"
574,587,0,"array([16.70938532, 21.12365321])"
575,588,0,"array([16.75713539, 21.1274653 ])"
576,589,0,"array([16.76074414, 21.12402185])"
577,590,0,"array([16.78917954, 21.02846906])"
578,591,0,"array([16.72994483, 21.13851607])"
579,592,0,"array([16.70378219, 21.00818788])"
580,593,0,"array([16.70895421, 21.05391999])"
581,594,0,"array([17.05007161, 20.9407307 ])"
582,595,0,"array([16.72584435, 21.07188083])"
583,596,0,"array([16.78046454, 21.04201061])"
584,597,0,"array([16.74533643, 21.03958588])"
585,598,0,"array([16.7122533 , 21.09764743])"
586,599,0,"array([16.75277247, 21.08753777])"
587,600,0,"array([16.7146523 , 21.06761466])"
588,601,0,"array([16.81705639, 21.07630225])"
589,602,0,"array([16.66330729, 21.09367766])"
590,604,0,"array([16.72998761, 21.20951706])"
591,605,0,"array([16.73804764, 21.22146904])"
592,606,0,"array([16.72561907, 21.19322734])"
593,607,0,"array([16.78292893, 21.09918734])"
594,608,0,"array([16.71895971, 21.04270425])"
595,609,0,"array([16.73666637, 21.1962673 ])"
596,610,0,"array([16.7158611 , 21.11489001])"
597,611,0,"array([16.70256542, 21.07624219])"
598,612,0,"array([16.68683431, 21.07009582])"
599,613,0,"array([16.75865695, 21.05527951])"
600,614,0,"array([16.77749946, 21.10151167])"
601,615,0,"array([16.75341335, 21.11697528])"
602,616,0,"array([16.75285702, 21.13901116])"
603,617,0,"array([16.70970787, 21.11613578])"
604,618,0,"array([16.75284226, 21.20758071])"
605,619,0,"array([16.75383687, 21.12189393])"
606,620,0,"array([16.7224279, 21.0354593])"
607,621,0,"array([16.6866603 , 21.12669407])"
608,622,0,"array([16.58779033, 21.17538108])"
609,623,0,"array([16.70880235, 21.04870842])"
610,624,0,"array([16.71033579, 21.04074875])"
611,625,0,"array([16.78798487, 21.16079941])"
612,626,0,"array([16.58805937, 21.08255727])"
613,627,0,"array([16.71174012, 21.1105364 ])"
614,628,0,"array([16.68655402, 21.06501706])"
615,629,0,"array([16.88632107, 21.05357423])"
616,630,0,"array([16.72304572, 21.04416432])"
617,631,0,"array([16.72627624, 21.03103466])"
618,632,0,"array([16.73758139, 21.06271033])"
619,633,0,"array([16.76526815, 21.04605346])"
620,634,0,"array([16.75774205, 21.09546036])"
621,635,0,"array([16.69537556, 21.06820433])"
622,636,0,"array([16.74323882, 21.07323767])"
623,637,0,"array([16.71987714, 21.0616059 ])"
624,638,0,"array([16.89883869, 21.210251  ])"
625,639,0,"array([16.78693878, 21.05007542])"
626,640,0,"array([16.69378963, 21.09700041])"
627,641,0,"array([16.69035918, 21.02363132])"
628,642,0,"array([16.76116902, 21.14369765])"
629,643,0,"array([16.69973735, 21.08851664])"
630,644,0,"array([16.76816536, 21.11914188])"
631,645,0,"array([16.75370857, 21.03895199])"
632,646,0,"array([16.68434328, 21.09563253])"
633,647,0,"array([16.67678891, 21.09000788])"
634,648,0,"array([16.72318186, 21.04821575])"
635,649,0,"array([16.7331979, 21.0229559])"
636,650,0,"array([16.78049955, 21.06518861])"
637,651,0,"array([16.71882292, 21.06967114])"
638,652,0,"array([16.78704679, 21.06766899])"
639,654,0,"array([16.79528441, 21.06860659])"
640,655,0,"array([16.68284596, 21.05981679])"
641,656,0,"array([16.71931781, 21.08905428])"
642,657,0,"array([16.73047581, 21.07095522])"
643,658,0,"array([16.70460517, 21.03961542])"
644,659,0,"array([16.72277802, 21.09684797])"
645,660,0,"array([16.69418356, 21.10341026])"
646,661,0,"array([16.70154509, 21.11007593])"
647,662,0,"array([16.73815502, 21.05014702])"
648,663,0,"array([16.76574362, 21.07119261])"
649,664,0,"array([16.73502458, 21.0815356 ])"
650,665,0,"array([16.7166907 , 21.09425109])"
651,666,0,"array([16.71110988, 21.0700756 ])"
652,667,0,"array([16.77770983, 21.06071311])"
653,668,0,"array([16.71374884, 21.09381966])"
654,669,0,"array([16.66377933, 21.10977721])"
655,671,0,"array([16.71212202, 21.03463585])"
656,672,0,"array([16.75293841, 21.10620318])"
657,673,0,"array([16.71760757, 21.08711267])"
658,675,0,"array([17.05762739, 21.16132303])"
659,676,0,"array([16.70156339, 21.09796775])"
660,677,0,"array([16.73925736, 21.08481114])"
661,678,0,"array([16.77740176, 21.08168028])"
662,680,0,"array([16.78780625, 21.05801881])"
663,681,0,"array([16.79660772, 21.11399859])"
664,682,0,"array([16.74381313, 21.10206168])"
665,683,0,"array([16.69050288, 21.09043026])"
666,684,0,"array([16.69342925, 21.05340322])"
667,685,0,"array([16.77334789, 21.05897391])"
668,686,0,"array([16.70705503, 21.06088921])"
669,687,0,"array([16.73747166, 21.09807611])"
670,688,0,"array([16.75473941, 21.11004194])"
671,689,0,"array([16.678828  , 21.09571122])"
672,690,0,"array([16.73992766, 21.35069613])"
673,691,0,"array([16.71181389, 21.10613104])"
674,692,0,"array([16.79746764, 21.0603069 ])"
675,694,0,"array([16.77540808, 21.13687846])"
676,695,0,"array([16.54131169, 21.01934216])"
677,698,0,"array([16.70019438, 21.10279724])"
678,699,0,"array([16.69730687, 21.03494193])"
679,700,0,"array([16.74253278, 21.10600412])"
680,701,0,"array([16.69767479, 21.11812856])"
681,702,0,"array([16.76176068, 21.068031  ])"
682,703,0,"array([16.75759445, 21.090857  ])"
683,704,0,"array([16.72025053, 21.02529525])"
684,705,0,"array([16.50792339, 21.17042029])"
685,707,0,"array([16.67638459, 21.18551136])"
686,709,0,"array([16.80569635, 21.08674478])"
687,710,0,"array([16.64701912, 21.363305  ])"
688,711,0,"array([17.05642873, 20.99858152])"
689,732,0,"array([16.66777073, 20.97865486])"
690,812,0,"array([16.77735144, 21.0880476 ])"
691,845,0,"array([16.85106384, 21.12565026])"
