# source, target, timestamp, duration
0,362,215979,3
0,158,1609347,174
0,158,1612022,6
1,260,1095240,4
1,35,1113788,2
1,34,1114379,34
1,260,1224453,0
1,260,1598666,0
1,260,1598682,36
1,260,1862079,32
1,35,1863784,2
1,35,1863855,21
1,260,1948434,32
1,344,2308125,20
2,305,150362,16
2,197,756046,42
2,168,1087062,1
2,168,1088108,-1
2,168,1088113,12
2,168,1088211,0
2,305,1166624,-1
2,250,1173702,0
2,250,1173731,0
2,250,1177413,-1
2,250,1177429,11
2,305,1253020,0
2,305,1273488,-1
2,359,1337264,2
2,305,1359887,19
2,250,2030852,-1
2,250,2030880,13
2,168,2129607,0
2,168,2129625,49
2,504,2129815,12
2,197,2155522,59
2,197,2171169,7
2,305,2171191,14
2,305,2171196,-1
3,525,1666523,2
4,293,302705,52
4,21,561509,2
4,293,1024951,107
4,21,1089687,0
4,293,1166281,0
4,293,1169937,3
4,293,1181836,3
4,21,1189639,2
4,21,1607069,2
4,21,1611513,4
4,21,1712069,0
5,520,1862093,0
6,300,112152,-1
6,300,112197,0
6,419,112333,68
6,300,220068,0
6,300,220107,0
6,396,406787,24
6,396,476099,11
8,9,65812,-1
8,9,65878,0
8,9,69727,-1
8,9,69794,0
8,9,72171,-1
8,9,72238,0
8,349,148605,112
8,181,832053,36
8,181,987378,-1
8,349,1722953,64
8,20,1796557,29
8,9,1814055,-1
8,9,1961885,4
9,412,487033,2
9,412,487123,-1
9,355,580965,0
9,355,581054,-1
9,355,652572,260
9,355,652577,0
9,355,652660,260
9,491,1124884,3
9,491,1124978,-1
9,412,1373244,1
9,412,1373339,-1
9,412,1448335,2
9,412,1448425,-1
9,87,1519910,26
9,166,1691011,0
9,7,1804100,2
9,8,1960709,0
9,8,1961904,0
9,8,1961914,0
9,8,1961925,52
9,8,2225103,2
10,302,1095620,33
11,471,1691834,0
11,471,1692606,14
11,471,1693198,0
11,41,1724766,70
11,41,1724918,77
11,471,1758478,0
11,250,2310479,-1
11,250,2310531,-1
11,297,2321078,0
11,297,2339176,51
12,406,1624924,0
12,406,1971554,4
13,528,822767,3
14,33,26400,619
14,33,61919,74
14,421,65469,286
14,421,301969,55
14,421,658764,155
14,421,675773,246
14,421,678405,227
14,33,926893,286
14,33,1004531,0
14,421,1004653,2
14,421,1020147,188
14,33,1456125,5
14,33,1456189,118
14,421,1545475,2
14,421,1957211,30
14,421,2117280,135
14,421,2137074,86
15,16,227013,128
15,16,245801,364
15,16,252604,21
15,314,288154,2
15,16,334357,463
15,16,424595,12
15,16,652811,-1
15,16,1150718,-1
15,16,1251429,18
15,16,1251537,8
15,16,1253822,28
15,16,1272901,22
15,16,1967423,42
15,16,2107750,46
15,16,2121904,53
15,16,2125194,11
15,16,2125705,5
15,16,2208725,21
15,16,2209623,29
15,16,2319435,94
16,15,155782,0
16,15,155791,0
16,15,155963,0
16,15,156121,18
16,15,248392,4
16,15,251396,2
16,15,256773,1
16,15,256797,0
16,15,302388,48
16,15,334309,2
16,15,388289,40
16,15,422883,2
16,15,422931,3
16,15,423076,2
16,15,423557,1
16,15,423744,3
16,15,424112,4
16,15,424365,2
16,15,424431,1
16,15,424496,1
16,15,428497,0
16,15,428516,0
16,15,428538,0
16,15,475191,-1
16,15,475328,-1
16,15,475448,-1
16,15,653329,18
16,15,973274,0
16,15,1071975,0
16,15,1072008,0
16,15,1072056,0
16,15,1072147,0
16,15,1150832,7
16,15,1207739,1
16,15,1208133,1
16,15,1208453,3
16,15,1208523,1
16,15,1253687,0
16,15,1253789,9
16,15,1272534,2
16,15,1692308,0
16,15,1692341,0
16,15,1692381,0
16,15,1692470,0
16,15,1692498,0
16,15,1692591,7
16,15,1696700,68
16,15,1773331,169
16,15,2105101,6
16,15,2106801,2
16,15,2106847,2
16,15,2107183,2
16,15,2108730,2
16,15,2119465,17
16,15,2121632,0
16,15,2121765,0
16,15,2121857,0
16,15,2121893,0
16,15,2124288,33
16,15,2125312,14
16,15,2208669,0
16,15,2208683,2
16,15,2295373,44
16,15,2378590,0
16,15,2391219,3
16,15,2391243,32
16,15,2391369,14
16,15,2391870,4
17,467,850665,77
17,467,2198129,-1
17,467,2203237,40
18,37,329628,21
18,37,936074,2
18,37,936108,2
18,37,1065493,36
18,37,1455270,2
18,37,1455320,3
18,37,1455427,2
18,344,1546549,-1
19,61,72993,199
19,61,812242,-1
20,508,1117035,0
20,508,1117143,5
20,508,1117205,116
21,268,146934,2
21,268,239237,98
21,4,563661,8
21,4,1611467,-1
21,4,1611528,97
21,4,1712103,-1
22,360,1716314,3
22,360,1719299,27
22,255,1797575,49
24,499,334209,26
24,179,558235,0
24,179,1116361,2
24,179,1193495,65
24,179,1684929,48
26,362,216219,45
26,362,216235,-1
26,27,516208,876
26,27,683185,4
26,362,727812,34
26,362,812847,4
26,362,814547,0
26,362,814596,0
26,27,936978,2
26,27,987272,0
26,369,1012479,76
26,27,1012857,2
26,27,1043213,0
26,289,1044962,3
26,289,1045006,250
26,27,1128154,142
26,27,1525658,0
26,27,1525675,0
26,27,1525685,17
26,27,1525911,17
26,27,1816407,280
26,27,1816621,281
26,27,1885447,623
26,27,1885675,623
27,26,515943,10
27,26,578497,240
27,26,591679,25
27,26,679873,174
27,26,683513,15
27,50,746011,26
27,26,987233,-1
27,26,987358,408
27,26,989683,33
27,221,997117,43
27,26,1020379,374
27,221,1029960,62
27,221,1035476,0
27,26,1056866,-1
27,26,1056908,6
27,221,1096279,80
27,26,1123139,-1
27,26,1123176,-1
27,26,1123217,2
27,26,1182633,175
27,26,1182843,175
27,221,1193901,2
27,50,1376148,39
27,50,1444937,0
27,50,1444976,0
27,221,1448876,0
27,221,1448992,143
27,50,1449151,143
27,221,1465008,28
27,221,1465417,6
27,221,1474810,0
27,253,1474829,0
27,26,1483718,0
27,26,1521814,110
27,26,1522024,110
27,221,1602356,25
27,50,1602452,2
27,26,1681048,73
27,26,1681261,74
27,221,1811335,1
27,221,1811361,1
27,221,1955161,2
27,221,1963085,38
27,26,1985213,42
27,26,1985428,42
27,26,1986112,0
27,50,2017998,1
27,221,2031564,0
27,221,2059886,4
27,221,2315440,63
27,50,2315866,60
28,193,2218760,5
29,435,112406,3
29,435,145525,101
29,435,153670,2
29,435,154130,231
29,435,249880,9
29,435,324444,39
29,435,405521,4
29,435,405743,147
29,435,406793,46
29,435,407741,0
29,435,407783,60
29,435,528866,513
29,435,937305,122
29,435,1013969,4
29,435,1017642,75
29,435,1094013,4
29,435,1135899,819
29,435,1182596,81
29,435,1188011,42
29,435,1373535,459
29,435,1534858,6
29,435,1616271,3
29,435,1617306,2
29,435,1621340,2
29,435,1694082,86
29,435,1925597,77
29,435,2067835,3
29,435,2154709,252
30,328,57599,45
31,25,2341097,2
32,33,1019791,21
32,33,1092895,0
32,33,1092899,0
32,33,1706646,26
33,319,750112,92
33,319,846414,3
33,319,1081256,33
33,319,1081310,18
33,32,1081430,38
33,32,1082314,18
33,319,1086607,4
33,319,1086631,3
33,319,1264013,7
33,319,1264064,3
33,32,1347945,250
33,32,1367846,29
33,319,1482854,17
33,319,1483010,11
33,319,1519862,3
33,32,1521705,2
33,32,1521733,2
33,319,1615241,0
33,32,1694105,133
33,319,1700179,15
33,32,1701819,50
33,319,1703872,0
33,319,1784120,35
33,319,1796959,103
33,319,1797148,15
33,319,1797263,100
33,319,1859024,35
33,32,1859078,43
33,32,1859141,0
33,319,1859199,0
33,319,1877826,3
33,319,1880483,38
33,319,1951704,0
33,319,1952437,78
33,319,1953693,4
33,319,2030358,93
33,319,2129148,31
33,319,2134363,-1
33,319,2134415,13
33,319,2213800,46
33,319,2217534,67
33,319,2219466,-1
33,319,2220692,31
33,32,2221895,42
34,35,407997,2
34,35,410290,2
34,35,515966,-1
34,35,918076,-1
34,35,918196,-1
34,35,995633,-1
34,35,1113537,3
34,1,1114005,5
34,35,1114078,3
34,35,1362672,1
34,35,1446798,-1
34,35,1446921,-1
34,35,1453846,-1
34,35,1458621,126
34,35,1496350,2
34,35,1515702,103
34,35,1636036,-1
34,35,1636781,-1
34,35,1670391,2
34,35,1670628,2
34,35,1696664,77
34,35,1875277,96
34,35,1965886,145
34,35,1973501,140
34,35,1973772,32
34,35,2031972,47
34,35,2049189,62
34,35,2218375,24
34,35,2298190,2
34,35,2302861,3
34,35,2303613,2
34,35,2317468,42
34,35,2319792,5
34,35,2320125,5
34,35,2320744,2
34,35,2321542,2
34,35,2321727,374
35,129,122429,101
35,260,137011,358
35,260,143341,307
35,260,144481,154
35,34,148941,69
35,34,236231,76
35,34,338816,218
35,34,408109,76
35,260,471117,0
35,260,473169,110
35,260,478978,50
35,260,479233,11
35,34,494025,134
35,260,517810,59
35,260,518390,15
35,1,743648,39
35,34,918300,178
35,34,994262,3
35,34,1016859,68
35,55,1100765,12
35,34,1363632,3
35,34,1444935,2
35,34,1455516,184
35,34,1496947,2
35,1,1528283,63
35,34,1671031,72
35,34,1696040,1
35,34,1696229,1
35,260,1949418,51
35,34,2217488,340
35,34,2224723,103
35,34,2224856,30
35,1,2295155,164
35,34,2297068,-1
35,34,2301738,172
35,34,2303672,32
35,34,2320965,192
35,34,2384408,296
35,34,2385199,812
37,56,297711,-1
37,56,298589,-1
37,56,901909,-1
37,18,1455483,19
37,464,1601996,2
37,464,1689923,126
38,217,721232,35
38,191,1012334,30
38,299,1012478,38
38,485,1012571,39
38,485,1012687,40
38,217,1012832,46
38,457,1013517,54
38,382,1013642,57
38,363,1015091,55
38,334,1479624,0
38,216,1602123,-1
39,358,566139,60
39,358,566206,59
39,358,567308,9
39,358,567374,9
41,471,487921,0
41,471,489351,0
41,471,1724433,110
41,11,1789188,4
41,11,1789338,4
42,311,144798,103
42,311,144873,103
43,266,1116783,67
44,527,303266,148
44,527,986252,39
47,354,825701,132
47,354,1448877,20
48,517,1157654,0
48,517,1874050,2
49,333,1862390,2
50,195,611505,29
50,27,1000566,11
50,141,1021853,25
50,27,1198186,37
50,99,1426540,18
50,199,1516132,-1
50,199,1523075,133
50,141,1622789,14
50,27,2023486,21
50,99,2114668,-1
50,221,2298855,41
52,420,1718268,41
53,54,69368,143
55,35,1100441,2
55,332,1674710,3
55,332,1674739,0
55,332,1674786,2
55,332,1674891,4
55,332,1674994,4
55,332,1675165,30
55,78,1805120,0
56,37,300934,197
57,23,68315,7
58,152,518065,1
58,89,1874463,-1
58,89,2318509,143
58,89,2323411,192
60,271,86180,36
60,195,1088942,-1
61,19,812475,81
63,317,579267,146
63,80,1426566,9
63,80,1426636,5
63,80,1427041,11
63,80,1427422,38
63,80,1427965,3
63,80,1429155,0
63,80,1429231,6
63,80,1430218,7
63,80,1431288,1
63,317,1453962,9
63,80,1462895,347
63,80,2024566,0
63,80,2024590,2
63,80,2025391,0
63,317,2043277,4
63,317,2045575,567
63,317,2053420,4
63,317,2053764,4
63,317,2054548,4
63,317,2054782,4
64,406,230349,36
64,406,230405,10
64,187,485361,66
64,406,734119,8
64,187,829463,2
64,273,1021083,0
64,439,1022173,0
64,273,1106094,0
64,406,1106154,3
64,357,1111834,2
64,465,2109486,0
64,234,2145969,22
64,187,2307380,3
64,273,2307395,9
64,187,2308102,2
64,273,2309189,0
64,337,2309279,-1
65,247,146838,24
66,67,53004,111
66,67,124412,604
66,67,130470,81
66,67,321053,127
66,67,418350,68
66,67,472371,71
66,67,739337,3
66,261,935671,4
66,45,987514,23
66,67,987888,155
66,261,988086,5
66,261,988190,34
66,261,988201,-1
66,67,988556,5
66,67,989182,2
66,67,994567,348
66,261,996163,58
66,67,998819,762
66,261,999690,15
66,261,1102826,0
66,261,1174149,-1
66,261,1174243,1106
66,67,1340783,-1
66,67,1425580,5
66,67,1426005,184
66,336,1632808,51
66,67,1679522,43
66,67,1960175,34
66,67,2045162,101
66,67,2134593,60
66,67,2136121,19
66,67,2137810,131
66,67,2138608,241
66,67,2139866,131
66,67,2238064,41
66,67,2369446,98
66,67,2398013,81
66,67,2399948,7
67,66,127617,4
67,66,128314,4
67,66,154712,273
67,66,201201,343
67,66,247608,0
67,66,321010,4
67,66,418016,154
67,66,472270,0
67,66,476045,396
67,66,478675,1
67,66,487806,114
67,66,555924,166
67,66,909591,2
67,66,989223,203
67,66,1080305,23
67,66,1080471,5
67,66,1080478,0
67,66,1270322,80
67,45,1282160,3
67,66,1340818,38
67,66,1425704,1
67,66,1592423,4
67,66,1647729,4
67,66,1651431,3
67,66,1686409,80
67,66,1873624,3
67,66,1943780,233
67,66,1961941,11
67,66,2029895,174
67,66,2048309,62
67,66,2112388,188
67,66,2134934,171
67,66,2135199,135
67,66,2138428,4
67,66,2237981,0
67,66,2368612,79
67,66,2368790,49
67,66,2369168,4
68,474,138678,0
68,474,138700,0
68,403,657468,-1
68,403,681924,-1
68,403,770618,0
68,403,1119605,10
68,279,1619170,39
69,401,749800,0
69,341,852459,585
69,341,1236231,2
70,118,906644,-1
70,118,910135,14
70,118,1512425,-1
70,118,1512500,31
71,448,383555,0
71,448,383745,51
71,448,477995,0
71,448,478162,23
71,391,667776,0
71,391,667890,2
71,448,764453,4
71,130,765600,8
71,391,1064431,7
71,130,1100301,0
71,130,1685123,26
71,448,1869866,3
71,448,1870107,3
71,422,2033381,0
71,422,2033692,3
72,143,146227,2
72,512,244575,30
72,412,573445,3
72,412,573497,2
72,83,609692,-1
72,512,615104,4
72,332,1119593,18
72,512,1516585,190
72,83,1617494,7
72,83,1617509,6
72,83,1617526,35
72,83,1617592,2
72,512,1672951,3
72,332,1697383,33
72,512,2040142,2
72,512,2124420,17
72,512,2371830,30
72,332,2380395,73
73,409,392607,0
73,409,392618,0
73,409,392628,73
73,241,1739779,30
73,241,1743086,59
74,351,995696,-1
74,351,995763,0
74,301,995932,297
74,351,998440,169
74,351,998505,169
74,301,1001287,382
74,351,1031127,168
74,301,1948890,0
74,301,1949033,78
74,301,2215100,42
74,301,2274442,0
75,11,2113744,2
75,250,2114287,33
75,11,2114365,2
75,11,2307153,82
75,11,2308600,14
75,250,2320190,4
75,392,2320226,32
75,392,2321149,0
75,392,2321230,22
76,214,1127595,0
77,266,765331,92
77,266,1540484,2
77,266,1551543,34
77,266,1551630,34
77,266,2330869,5
78,211,839697,256
78,211,839760,256
78,211,840375,580
78,211,840437,580
78,332,1509249,60
78,211,1693150,62
78,211,1693241,62
78,211,1694896,-1
78,211,1694986,5
78,211,1695113,5
78,211,1810733,-1
78,211,1810819,7
78,211,2202858,0
79,133,1717350,61
79,133,1720929,61
79,237,1730212,-1
79,91,1736464,14
80,317,496835,4
80,398,683328,64
80,471,995338,0
80,317,995364,463
80,471,1448651,0
80,63,1721360,2
80,317,1862549,3
80,317,1862664,0
80,317,1862675,0
80,317,1862684,0
80,317,1862872,3
80,317,1865200,5
80,317,1894017,328
80,317,1942095,0
80,471,2123837,38
82,101,1097294,184
82,101,1098671,141
82,101,1101527,2
82,101,1101588,3
82,101,1101618,2
82,522,1101662,0
82,101,1101843,39
82,522,2309554,10
83,224,507349,166
83,323,1030908,19
83,323,1033414,10
83,323,1033472,35
83,323,1033655,4
83,323,1033697,0
83,323,1034493,4
83,72,1034544,123
83,72,1034731,123
83,323,1034737,19
83,323,1034784,6
83,323,1034933,40
83,323,1036070,7
83,323,1036169,5
83,323,1036360,0
83,323,1036439,0
83,72,1092668,19
83,72,1092856,18
84,302,202334,27
84,270,1736839,60
84,270,1741077,30
84,302,2204504,114
84,477,2239727,58
84,477,2239869,51
84,477,2240282,99
87,9,1081100,-1
88,440,1524190,35
88,440,1600785,19
88,440,2030574,33
88,330,2204586,27
89,58,2227484,193
89,58,2323371,4
91,133,482593,2
91,94,908080,3
91,79,1666158,46
91,235,1666239,0
91,94,1717389,154
91,79,1724264,0
91,94,1724271,34
91,79,1736399,4
92,228,591103,2
92,228,591383,13
92,228,591563,2
92,228,838747,40
92,228,921413,25
93,211,74623,2290
93,211,117460,26
93,211,2189181,-1
93,211,2189276,0
93,211,2378319,82
93,211,2378417,82
94,133,1022173,0
94,133,1022196,4
94,133,1025781,-1
95,378,2300735,3
96,158,136618,-1
96,158,385105,-1
96,518,1014183,150
96,158,1019098,49
97,322,1626835,3
97,415,1954841,17
98,207,513234,0
98,207,523723,0
98,529,525932,10
98,207,526143,0
98,344,1092723,0
98,344,1092754,61
99,219,744018,4
99,176,744029,12
99,505,1010736,32
99,505,1079172,36
99,505,1824291,102
99,505,2114522,106
99,50,2114643,0
99,219,2116362,-1
100,426,1098553,-1
101,102,217802,25
101,102,405625,0
101,102,503338,7
101,102,668982,81
101,102,752412,0
101,82,1101828,0
101,102,1114792,52
101,102,1141955,0
101,102,1686081,0
101,102,1687654,0
101,102,1719906,0
101,458,1881612,41
101,102,2115548,0
101,102,2222216,17
101,102,2224083,0
101,102,2235269,5138
101,102,2240445,11
101,102,2240906,3022
101,102,2322376,0
102,101,217855,134
102,101,752488,12
102,321,1269718,-1
102,321,1269860,-1
102,321,1270369,-1
102,321,1270980,-1
102,321,1271179,-1
102,101,1531624,12
102,101,1686716,13
102,101,1687703,50
102,101,1687848,15
102,101,1719595,12
102,101,2221271,65
102,101,2222062,-1
102,101,2224044,18
102,101,2224083,1272
102,101,2244800,43
103,386,58643,743
103,386,58753,743
103,386,661758,3
103,386,669117,54
103,386,669246,55
103,471,1328111,38
104,532,217712,2
104,532,217913,2
104,532,217943,0
104,170,1712770,15
104,170,1712984,15
104,532,1794402,2
104,532,1794538,2
104,532,1815593,30
105,73,820863,61
107,225,548306,0
107,225,569750,21
107,225,1178698,4
107,225,1178813,3
108,399,752820,26
108,399,755470,8
108,399,930059,43
108,399,932881,6
108,399,1017421,210
108,399,1073014,0
108,399,1086639,173
108,399,1357520,56
108,399,1444722,26
108,399,1462908,0
108,399,1464061,0
108,219,1484512,4
108,399,1511706,0
108,399,1512324,87
108,399,1542800,23
108,399,1543094,0
108,399,1606350,0
108,399,1606714,0
108,399,1608120,0
108,399,1678253,0
108,2,1688287,17
108,399,1962999,0
108,399,1969209,0
108,399,1969725,0
108,399,1970926,0
109,110,301752,83
109,110,318167,-1
109,110,318189,0
109,110,318255,-1
109,110,320040,995
109,110,730806,18
109,110,1255143,887
109,110,1886047,1032
110,109,318581,1440
110,429,1120738,4
110,109,1172062,-1
110,109,1173859,2
110,109,1250570,-1
110,109,1250824,-1
110,109,1251385,-1
110,134,1964418,170
111,349,387751,2
111,349,590703,2
111,349,596635,46
111,349,598233,51
111,349,598918,20
111,349,1020139,54
111,349,1690369,111
111,349,1693765,103
111,349,1783939,38
111,349,1784473,58
111,349,1784979,9
111,349,1796305,25
111,349,1942776,27
112,262,1158222,-1
112,318,1359587,25
112,318,1380187,-1
112,318,1380301,-1
113,50,572113,5
113,50,572120,0
113,50,583205,0
113,241,1769634,0
114,292,48972,110
114,292,145295,0
114,292,475140,0
114,292,475228,6
114,292,475282,24
114,482,496244,27
114,292,674305,9
114,292,750207,27
114,292,750626,6
114,292,1355330,49
114,292,1514260,45
114,292,1929945,16
114,292,1930118,2
114,292,1930134,5
114,292,2294659,7
115,430,1542271,5
115,430,1542286,5
115,430,1599704,0
116,254,1707886,3
117,372,828259,17
117,510,828276,2
117,510,836869,16
117,510,1525984,0
117,510,1771829,81
118,482,910165,55
118,70,927210,228
118,70,1512357,0
118,482,1514226,101
118,482,1705564,143
118,482,2309894,86
118,482,2316356,5
123,222,728819,11
124,125,1281836,15
124,513,1436560,0
124,513,1437087,0
125,202,577176,4
125,202,577323,15
125,202,580367,24
125,124,772331,32
125,202,842645,0
125,202,1011728,5
125,202,1511368,5
125,124,2133712,18
126,304,148269,-1
126,304,148551,2
126,304,1101870,-1
127,211,1779238,10
127,211,1779302,-1
127,211,1779924,42
127,211,1779985,42
127,211,1782343,8
127,211,1782406,-1
127,289,2408498,157
127,289,2409335,7
127,289,2409348,286
127,289,2410437,244
127,289,2410946,71
127,289,2411108,20
128,533,2201920,0
129,35,133493,111
129,35,812917,1
129,35,813001,2
129,158,1525305,114
129,158,1530413,19
130,448,65147,659
130,448,207005,3
130,71,766237,209
130,71,1615576,22
130,71,1683623,79
130,71,1686693,4
131,400,427591,340
131,400,431083,340
131,441,1065619,83
131,328,1182954,88
131,328,2034010,144
131,400,2293896,117
132,493,1110797,20
133,91,485664,26
133,91,489241,26
133,94,1534721,0
134,521,1012861,40
134,409,1080414,125
134,105,1117884,6
134,409,1119123,50
134,409,1530640,2
134,409,1530697,1
134,409,2058285,156
134,409,2116764,48
134,409,2381068,71
135,75,569453,21
135,75,2049848,13
136,482,1440545,-1
136,478,1512397,-1
136,478,1512429,3
136,201,1687037,51
137,530,826519,70
137,146,1675210,-1
137,146,1680031,36
137,530,2033987,0
137,344,2304604,25
137,138,2327062,19
138,439,1609843,0
139,480,1328857,2
140,159,123832,20
140,159,124174,142
140,159,130012,60
140,159,131066,4
140,159,131076,2
140,159,295753,44
140,259,299943,3
140,259,394394,38
140,259,1007345,3
140,259,1525556,-1
140,259,1726694,21
140,159,1970242,0
141,221,1091570,59
141,38,1458826,6
141,50,1513693,0
143,269,217212,22
143,289,919240,28
143,289,996457,8
143,269,1167653,214
143,146,1594873,27
143,269,1596013,32
143,269,1780894,60
143,211,1801222,-1
143,211,1801311,0
143,78,1801381,0
143,289,1801507,22
143,289,1801557,0
143,289,1801562,39
143,248,2049500,2
145,154,743889,0
146,137,1679441,0
147,216,215962,19
147,216,405772,51
149,171,1091168,149
149,171,2221337,194
149,171,2222274,66
149,171,2225395,26
151,500,1455304,2
151,500,1455334,2
152,58,518097,9
152,258,942453,0
153,489,553471,84
153,489,725073,46
153,489,1187798,49
153,489,2407913,12
154,145,1087051,41
155,45,382141,54
156,307,288852,3
156,307,1601617,-1
157,399,398151,24
157,399,398939,9
157,399,402460,0
157,475,430727,2
157,475,430818,43
157,475,719904,4
157,399,724501,0
157,503,1122957,2
157,503,1445838,33
157,503,1515234,4
157,503,1803506,2
157,503,1868946,3
157,503,1869164,2
157,503,1869470,2
157,399,1882394,24
157,475,2056088,0
157,503,2202897,25
157,399,2212867,12
157,475,2303037,24
158,348,128286,2
158,348,129439,264
158,0,144260,19
158,348,652392,0
158,0,1613335,2
158,348,1966817,66
158,348,2223462,92
158,442,2225538,3
159,140,131169,26
159,140,1809622,38
159,340,1960265,0
159,340,2128326,45
160,503,1456261,9
161,287,379393,1
161,287,1619176,25
162,308,302225,44
162,308,662096,14
162,308,662139,72
162,308,662294,25
164,289,1805127,10
165,277,64495,3
165,277,753421,13
165,277,999652,91
165,277,2297051,98
165,277,2415585,48
167,263,840049,24
167,263,1861447,35
167,256,1930081,2
167,271,1935055,144
167,256,1935243,51
167,271,2304538,0
167,62,2370271,61
168,38,140554,5
168,38,140671,-1
168,2,219286,82
168,2,219412,82
168,234,453838,2
168,234,453868,2
168,234,453902,2
168,234,453990,-1
168,234,454023,-1
168,234,454395,2
168,234,454515,-1
168,234,455049,2
168,234,455168,-1
168,234,455583,2
168,234,455701,-1
168,234,456201,3
168,234,456320,-1
168,234,456620,9
168,234,456739,-1
168,234,457183,4
168,234,457302,-1
168,81,590533,0
168,81,590652,-1
168,195,647013,39
168,38,765910,138
168,2,992986,17
168,253,1011791,65
168,471,1011913,53
168,220,1012328,50
168,276,1012472,-1
168,250,1012528,3
168,250,1012742,70
168,276,1012909,-1
168,197,1012963,4
168,11,1012992,88
168,276,1014072,-1
168,75,1014196,40
168,504,1014275,60
168,276,1014360,-1
168,276,1014729,-1
168,2,1014758,70
168,270,1014858,60
168,276,1015148,-1
168,276,1016204,-1
168,276,1016611,-1
168,41,1016926,92
168,422,1018298,32
168,2,1088181,5
168,2,1257316,24
168,2,1258782,28
168,56,1546328,76
168,56,1546388,76
168,270,2302997,47
168,270,2304719,22
169,333,48457,9
169,333,48684,2
169,333,48810,201
169,333,760211,88
171,407,37760,5
171,244,142767,-1
171,244,234637,-1
171,244,921381,59
171,310,1088645,0
171,149,1090785,4
171,407,1336192,0
171,407,1339069,0
171,407,1371106,0
171,407,1539991,0
171,244,1702640,2
171,149,1783489,38
171,244,1790158,0
171,244,1803471,2
171,310,1863467,42
171,310,1863601,42
171,244,1885846,68
171,244,1895311,0
171,368,2213182,4
171,244,2219110,166
171,407,2220030,112
171,149,2221070,0
171,149,2221999,2
171,407,2377583,444
171,149,2400379,18
172,132,941300,0
172,132,941843,0
172,132,942224,0
172,310,1006162,0
172,132,1334536,99
174,452,151385,63
174,518,1010739,0
174,518,1010997,16
174,452,1032727,93
174,452,1034034,3
174,518,1070678,45
174,423,1465439,0
174,423,1465451,0
175,334,573858,7
176,219,1106726,57
176,219,1501546,0
176,219,1705247,95
176,219,2312633,2
177,260,2109784,17
178,293,487197,25
179,24,594297,27
179,24,1116496,62
179,24,1190508,0
179,24,1190532,2
180,501,129685,57
180,164,1026091,0
180,164,1026097,0
180,164,1026108,0
180,164,1026114,0
180,164,1026127,2
180,453,1091639,44
180,453,1093785,99
180,460,1094443,72
180,460,1094641,5
180,501,1514242,4
180,453,1722309,12
181,20,496619,65
181,8,2043582,49
181,508,2043753,8
181,321,2316425,30
182,142,1065332,0
182,142,2282926,53
184,373,762072,27
184,373,1485905,0
184,373,1485912,0
184,373,1485917,0
184,373,1485941,7
184,373,1498270,9
184,373,1498287,3
184,373,1498766,66
184,373,1800935,3
184,388,1800983,5
184,388,1801030,4
184,373,1801071,4
184,388,1801098,0
184,373,1937103,69
185,467,113261,28
185,365,1685277,184
185,265,1773097,94
187,64,829500,6
187,402,1106216,2
187,402,1126069,0
187,465,1591453,6
187,465,1592032,35
187,406,2199631,36
187,273,2307358,8
187,273,2307403,6
187,273,2307416,6
187,273,2307429,13
187,273,2307433,-1
187,273,2307491,0
187,273,2307495,0
187,273,2307499,0
187,273,2307553,6
187,273,2307854,6
187,64,2307899,3
187,273,2308849,2
187,273,2308886,3
187,273,2322763,17
188,534,66881,55
188,534,238911,17
188,393,925823,-1
188,393,926138,-1
188,46,1712027,70
189,240,1070122,33
190,400,983869,154
190,400,987237,154
190,400,1322391,-1
190,400,1325773,4
190,400,1328942,-1
190,400,1332322,5
191,299,1095922,2
191,299,1095948,0
192,324,327762,-1
192,324,479355,88
192,324,1211858,13
192,324,1879759,0
192,324,2139809,132
192,324,2306764,0
194,249,821501,3
194,249,821635,95
194,249,822827,3
194,249,822857,13
194,249,822898,7
194,249,822916,0
194,68,1015833,101
194,287,1016113,55
194,507,1016194,68
194,71,1016298,52
194,203,1016318,58
194,391,1017049,50
194,507,2291921,48
195,168,643613,87
195,168,644902,2
195,234,645116,15
195,234,645233,8
195,168,645609,3
195,168,646968,4
195,143,743523,5
195,143,743538,2
195,234,817968,0
195,289,1009312,82
195,224,1010190,78
195,438,1010358,1
195,289,1010467,0
195,289,1010480,333
195,224,1010917,94
195,438,1011060,1
195,438,1011136,0
195,164,1011733,62
195,131,1011881,6
195,131,1011926,85
195,224,1012152,3
195,224,1012171,83
195,323,1012712,72
195,83,1013525,67
195,390,1014032,72
195,143,1014144,53
195,269,1014834,2
195,269,1014876,69
195,168,1083011,1
195,248,1589770,48
195,248,1589835,18
195,168,2032013,17
195,134,2304980,23
197,299,313903,83
197,2,755775,0
197,2,755905,0
197,2,756042,2
197,2,756052,89
197,168,1013636,-1
197,168,1013758,58
197,305,1089008,2
197,2,1676864,44
197,305,1870695,2
197,168,2068479,127
197,305,2127546,85
197,305,2282633,96
198,200,46698,0
198,200,55162,9
198,199,149998,165
198,200,233184,66
198,200,234395,56
198,291,326026,24
198,291,326615,7
198,291,479231,71
198,291,486985,52
198,291,720429,22
198,291,813005,0
198,200,1256329,166
198,291,1324806,3
198,200,2134607,2
198,199,2394075,196
199,367,392453,37
199,367,608446,493
199,198,1098228,37
199,367,1449932,2
199,50,1518927,2
199,367,1620615,2
199,367,1620796,3
199,200,1671632,2
199,367,1676755,19
199,50,1676806,0
199,367,1705179,37
199,367,1758150,0
199,207,2294783,27
199,207,2295568,16
199,207,2313798,25
199,207,2313965,33
199,367,2315364,2
199,367,2328551,3
199,429,2364517,5
199,429,2365576,54
200,198,46716,112
200,198,55017,67
200,198,238405,9
200,198,238441,31
200,384,477435,0
200,384,1080965,48
200,199,1686196,203
200,198,2138429,124
200,384,2289881,0
201,136,816099,12
201,136,848510,73
202,125,577090,60
202,125,577226,46
202,125,580513,2
202,125,751859,181
202,125,843816,343
202,125,1010117,0
202,125,1010761,39
202,125,1011825,18
202,125,1016186,26
202,125,1017878,13
202,125,1414867,2
202,125,1509761,1
202,217,1967298,4
203,287,215904,3
203,414,215981,1
203,414,216042,1
203,194,667111,114
203,414,1945750,81
203,414,1945759,-1
203,287,2226534,135
204,361,1164938,-1
204,361,1191696,16
204,312,1210176,39
204,312,1214909,4
205,23,64118,8
205,364,65142,13
205,243,309620,27
205,243,324945,7
205,243,324959,6
205,243,324990,9
205,243,1071833,3
205,243,1094635,38
205,243,1253361,18
205,243,1255997,17
205,243,1340955,0
205,243,1350111,13
205,243,1353911,31
205,243,1704227,28
205,243,1704272,16
205,243,1959719,18
205,243,2050403,10
205,243,2050406,-1
205,243,2050494,3
205,243,2050955,1
205,243,2128315,3
205,243,2128324,60
205,243,2129744,73
205,23,2131649,-1
205,243,2147178,3
205,243,2148606,2
205,243,2310200,3
206,434,311559,84
206,434,311708,98
206,434,1117072,2317
207,344,489112,52
207,98,526614,342
207,98,527335,473
207,334,1122966,30
207,199,2313708,25
207,98,2318861,227
208,322,1066822,2
208,322,2291360,1
209,410,567668,0
209,313,569565,-1
209,410,573642,130
209,313,573807,-1
209,313,1099114,-1
211,35,1101219,2
211,35,1101318,-1
211,35,1101322,41
211,35,1101419,41
211,35,1101676,2
211,35,1101703,0
211,35,1101773,0
211,35,1101802,-1
211,127,1779613,-1
212,409,50727,5
212,409,50766,4
212,409,51682,1
212,409,56687,2
212,409,61083,2
212,409,71000,0
212,506,75319,18
212,409,145220,112
212,409,175325,21
212,506,200731,3
212,409,229644,7
212,409,303314,55
212,506,306015,26
212,409,317799,1
212,409,318219,46
212,409,320491,14
212,409,322847,92
212,409,323689,194
212,409,388785,1
212,409,396479,171
212,409,404428,135
212,409,479655,2
212,409,480586,0
212,409,480605,0
212,409,500503,24
212,409,501274,29
212,409,523933,22
212,409,561485,49
212,409,561985,100
212,409,595944,1
212,409,601819,0
212,409,675463,35
212,409,735538,156
212,409,832072,157
212,409,832530,1
212,409,905577,1
212,409,905605,3
212,409,917232,5
212,409,943344,25
212,409,1018030,15
212,409,1018105,68
212,409,1020218,65
212,409,1110206,20
212,409,1168860,2
212,409,1168888,3
212,409,1176222,18
212,409,1176309,41
212,409,1176666,74
212,409,1176858,54
212,409,1211276,1
212,409,1263788,40
212,409,1290857,1
212,409,1338782,122
212,506,1343454,43
212,409,1345842,0
212,409,1349876,0
212,409,1352992,0
212,506,1354179,3
212,409,1424673,3
212,409,1425828,29
212,409,1426479,13
212,409,1439582,2
212,409,1508788,4
212,409,1516127,3
212,409,1528671,0
212,409,1623707,75
212,409,1634843,17
212,409,1686653,4
212,409,1686874,66
212,409,1705861,2
212,409,1705953,1
212,409,1725951,2
212,409,1773566,10
212,409,1800480,0
212,409,1800484,0
212,409,1870812,2
212,409,1958326,2
212,409,1958380,0
212,409,1958416,2
212,409,2100657,3
212,409,2113225,2
212,409,2117972,1
212,409,2119844,2
212,506,2133006,3
212,409,2133396,3
212,409,2144375,1
212,409,2221482,0
212,409,2222850,30
212,409,2224596,279
212,409,2231602,50
212,409,2286558,155
212,409,2288627,3
212,409,2288990,65
212,409,2305368,18
213,248,2306303,76
214,285,1118148,-1
215,235,478336,28
216,38,822968,6
216,38,822977,0
218,271,70585,3
218,271,458259,35
218,271,829012,11
218,271,1020510,53
218,271,1040419,28
218,271,1069009,4
218,271,1509407,12
218,271,1587868,31
218,271,2022451,8
218,271,2194240,3
218,271,2274417,0
218,271,2293660,11
218,313,2302408,2
219,176,296020,33
219,176,986082,43
219,176,1482557,2
219,176,1482794,5
219,108,1484478,4
219,176,1591341,46
219,176,1783574,128
219,176,2056875,67
219,99,2116390,33
219,176,2313077,72
219,176,2317352,44
219,176,2317968,7
220,221,184,121
220,221,36265,74
220,221,422609,14
220,221,528168,12
220,221,528268,2
220,221,528303,0
220,221,616063,87
220,221,662981,2
220,221,663009,3
220,221,663043,1
220,221,663090,0
220,221,933869,45
220,221,944960,19
220,221,992674,0
220,221,1211970,0
220,221,1211976,0
220,221,1338238,0
220,221,1338252,0
220,221,1338270,52
220,221,1445279,0
220,221,1445480,23
220,221,1460597,59
220,221,1543247,13
220,221,1808118,89
220,221,1809127,26
220,221,1897063,43
220,221,1943501,17
220,221,1958299,9
220,221,2060697,2
220,221,2073878,19
220,221,2074537,2
220,221,2074568,32
220,221,2130986,2
220,221,2131069,75
220,221,2151162,63
221,220,5623,504
221,220,147024,23
221,220,312882,26
221,220,343159,0
221,220,404998,40
221,220,463439,10
221,220,515899,107
221,220,528307,53
221,220,594099,108
221,220,742067,0
221,220,917247,15
221,220,921728,15
221,220,1010057,0
221,27,1020275,53
221,141,1091513,-1
221,50,1091769,-1
221,141,1091899,40
221,50,1091979,66
221,27,1095030,3
221,50,1095187,81
221,27,1095942,2
221,50,1096037,35
221,50,1354387,15
221,50,1515046,2
221,27,1518616,0
221,220,1522178,45
221,220,1596336,21
221,220,1616119,0
221,27,1812683,48
221,220,1870084,0
221,220,1870123,0
222,122,315676,25
222,123,920424,0
222,40,1081512,2
222,350,1081549,0
224,83,1011513,0
224,83,1082730,81
224,83,1082907,81
224,83,1085777,91
224,83,1085955,91
225,107,548343,0
225,107,574068,13
225,196,1618914,56
226,236,1099057,54
226,236,1099077,0
228,371,373397,201
228,371,373404,0
228,371,414898,5
228,92,591308,2
228,92,591688,53
228,92,1674474,63
229,392,1777374,0
229,392,1777435,0
231,232,814259,0
231,232,839390,-1
231,232,1938171,723
231,232,1963326,723
231,232,2025083,18
231,232,2050220,19
231,232,2130793,0
232,85,1284672,0
232,231,1601360,178
232,231,1626481,178
233,283,2416368,4
233,283,2416399,3
234,168,642788,120
234,195,642997,85
234,168,645683,2
234,195,817530,-1
234,195,823868,180
234,417,1012098,49
234,285,1012921,68
234,49,1605251,0
235,306,727495,2
235,306,727570,16
235,215,740956,0
235,306,1679453,0
235,306,2315314,211
236,226,1081750,-1
237,79,1707278,0
237,79,1707481,0
237,79,1708212,0
237,79,1714824,45
237,79,1714925,9
239,478,1935397,3
239,278,2205152,32
240,189,485414,340
240,189,738344,23
240,189,740011,0
240,189,925874,139
240,189,1070080,3
240,189,1129021,49
240,189,1138559,3
240,189,1139544,0
240,189,1263353,3
240,189,1263363,3
240,189,1264600,3
240,189,1274055,3
240,189,1530047,37
240,498,1540787,23
240,189,1698691,51
240,498,2149394,18
240,189,2214147,3
240,189,2318990,28
240,498,2320940,0
240,189,2320946,0
241,113,1769665,23
242,428,907095,26
243,205,324820,14
243,205,418347,57
243,205,842899,25
243,205,1071546,1
243,205,1072047,15
243,205,1097235,37
243,205,1341148,46
243,205,1465825,0
243,205,1612816,2
243,205,1703462,2
243,205,1703573,2
243,205,1704635,11
243,205,1959307,2
243,205,1959643,1
243,205,2050015,2
243,205,2233200,24
244,171,145039,475
244,171,237532,3
244,171,237542,144
244,171,241564,59
244,171,1621107,-1
244,171,1703047,93
244,171,1790181,52
245,274,1077027,-1
245,274,1077079,27
245,413,1077104,5
245,411,1082364,4
247,65,62972,22
247,65,63038,23
247,65,159260,0
247,356,475441,3
247,356,1426572,0
247,356,1426574,0
247,356,1426576,0
247,356,1703611,24
248,502,124287,52
248,502,124365,0
248,289,147288,109
248,269,507905,0
248,269,507912,2
248,502,1448751,0
249,194,821312,-1
250,2,2036611,99
250,11,2313168,5
250,469,2315924,0
251,286,557227,3
252,444,587509,246
255,522,1095715,29
255,366,1101786,0
255,22,1101800,-1
255,22,1105524,31
255,522,1109484,210
255,475,1112526,7
255,475,1112843,101
255,475,1276381,8
255,22,1796958,-1
255,22,1798225,72
255,22,1798606,41
255,22,1825096,17
255,22,1825579,19
257,466,213344,22
257,466,998914,10
257,466,998980,10
257,466,999422,9
257,466,999486,8
257,466,1103623,62
257,466,1103694,62
257,466,1117725,16
257,466,1117798,15
257,466,1425320,23
257,466,1933908,14
257,466,1933984,14
257,466,1967496,23
257,466,1967570,23
257,466,1967983,26
257,466,1968057,25
257,466,2308779,11
257,466,2330989,0
257,466,2401861,791
258,379,496197,58
259,159,299142,0
259,159,299180,0
259,159,299885,0
259,159,300092,60
259,159,300155,60
259,159,383797,0
259,159,383827,0
259,159,383873,2
259,140,383906,4
259,159,383927,2
259,159,383988,1
259,159,384052,-1
259,140,384271,47
259,140,1529810,25
259,140,1603564,7
259,159,1786078,0
259,140,1786097,1
259,140,1786113,71
259,140,1786117,1
259,140,1786132,72
259,318,2114490,124
259,318,2114559,123
259,140,2122495,0
259,159,2122515,0
259,159,2199922,0
259,159,2199988,0
259,159,2200048,0
259,159,2200128,0
259,140,2200162,4
259,159,2200214,0
259,140,2200223,0
260,35,1112041,6
260,1,1813661,-1
260,1,1900004,0
261,66,762424,1185
261,66,935841,384
261,66,997377,700
261,367,1099440,1
261,367,1103264,3
261,66,1104519,812
261,66,1174171,0
261,66,1455262,0
261,66,1464055,5
261,367,1983827,1
261,367,2049198,25
262,399,734639,10
262,399,757441,7
262,112,1158245,11
262,399,1270608,61
262,399,1284288,0
262,399,1882347,0
262,399,1882372,0
262,399,1887639,0
262,399,2304665,0
262,399,2305142,0
263,167,1080295,-1
263,167,1444136,87
263,256,1861502,0
263,256,1861533,0
263,376,2308645,3
263,376,2308678,59
263,376,2331479,4
264,351,230772,0
265,185,1605536,0
266,353,754127,42
266,77,1064019,7
266,77,1064082,6
266,77,1064529,23
266,77,1064595,23
266,353,1106474,0
266,481,1106497,25
266,77,1359347,37
266,77,1359417,37
266,77,1501503,-1
266,77,1501577,2
266,77,2330926,120
268,409,578480,27
268,220,1609955,73
268,374,2306413,86
269,248,1696094,56
269,248,1782471,55
269,289,1805142,22
271,218,1069068,40
271,218,1072184,17
271,218,1503646,52
271,218,1506839,23
271,218,2118386,29
271,218,2196019,27
271,218,2274737,36
272,86,2040722,22
273,64,1021137,23
273,64,1022110,21
273,337,2303873,-1
273,337,2304061,-1
273,64,2310258,26
273,187,2310638,3
273,337,2311709,-1
273,337,2311741,-1
273,337,2311784,-1
273,337,2311874,-1
273,337,2311919,-1
273,64,2311978,123
273,64,2312215,18
273,337,2312327,-1
273,187,2322479,2
274,245,403971,31
274,413,698862,0
274,413,899804,5
274,413,1009854,4
274,245,1077188,23
274,245,1442837,15
274,413,1667830,3
274,413,1667937,3
275,496,1454768,776
276,297,383832,18
276,168,1017448,246
276,168,1018087,129
277,165,65769,104
277,165,504623,132
277,165,665134,800
277,165,998379,0
277,165,2118451,28
277,165,2295327,-1
277,165,2295349,14
278,478,2015615,51
278,478,2203605,-1
278,239,2204459,-1
278,239,2205338,-1
279,68,476960,74
279,450,657399,-1
279,68,817978,23
279,403,1100587,0
279,403,1340006,0
280,358,299129,51
280,358,564936,15
280,358,565784,15
280,358,904240,34
280,341,1331525,9
280,148,1499194,1
280,148,1499285,69
280,358,1508638,10
281,479,156120,0
281,479,215174,0
281,479,322254,0
281,479,1081263,92
281,479,1598649,106
281,479,1704834,0
281,479,2290287,283
282,434,238994,478
284,519,207448,2
284,391,738848,35
284,519,907701,49
284,519,994932,37
284,383,1684449,41
284,383,1687344,35
284,383,1700919,0
284,383,1700993,2
284,519,1943776,67
285,214,1118096,0
285,417,1686686,6
286,449,466590,16
287,203,216114,42
287,161,378887,21
287,161,379402,68
287,161,381440,0
287,203,752073,6
287,161,1619100,22
287,203,1945527,6
288,331,392311,-1
288,331,393812,-1
288,331,2216463,0
288,331,2216524,0
288,331,2216646,0
289,323,9252,-1
289,127,147326,58
289,127,147426,58
289,248,147811,87
289,143,232717,2
289,323,696085,3
289,323,697361,13
289,323,697447,3
289,143,753673,2
289,143,919143,-1
289,143,952647,-1
289,195,1009759,108
289,211,1118937,0
289,211,1119007,7
289,466,2225691,65
289,466,2225790,64
289,466,2312456,-1
289,466,2312572,-1
289,466,2330288,108
289,466,2359185,108
289,127,2410196,-1
290,315,467722,0
290,315,1695481,18
290,315,1695564,18
290,315,1871404,33
290,315,2222204,11
291,199,320538,2
291,198,844270,0
291,198,1325083,40
291,384,1952922,30
292,114,305430,19
292,482,339421,65
292,482,461827,22
292,114,475182,3
292,114,483591,0
292,482,519672,19
292,482,574495,39
292,482,575098,0
292,482,601403,157
292,114,910298,3
292,114,910464,5
292,478,1011790,220
292,482,1100642,0
292,478,1106019,27
292,114,1122206,2
292,482,1122216,39
292,478,1266977,32
292,482,1346858,36
292,114,1353784,2
292,478,1428385,2
292,478,1428439,1
292,478,1428677,2
292,478,1428704,2
292,478,1428830,2
292,478,1512170,11
292,114,1515828,2
292,478,1528161,2
292,344,1601847,22
292,478,1631038,4
292,478,1631049,3
292,478,1631337,2
292,482,1693586,2
292,482,1702542,45
292,482,1760862,0
292,482,1765950,0
292,114,1952453,27
292,482,1967401,13
292,482,2234302,-1
292,482,2276142,-1
292,478,2288230,-1
292,114,2293475,-1
292,114,2293577,53
293,4,672204,104
295,183,855842,5
295,462,1793721,25
296,118,302294,2
296,451,1943964,8
300,6,112174,0
300,6,112219,48
300,396,1081987,0
300,396,1082027,0
300,396,1082069,0
300,396,1255113,3
300,396,1255179,0
300,396,1255502,2
300,396,1255572,-1
300,396,1256097,192
300,396,1256164,192
300,396,1341032,111
300,396,1341104,111
300,396,1512134,30
300,396,1512205,30
300,396,2218919,0
300,396,2289999,0
300,396,2290081,-1
301,351,220436,-1
301,351,220503,3
301,351,225162,1057
301,351,225226,1057
301,351,244081,273
301,351,244147,271
301,351,332177,-1
301,351,332242,3
301,351,341081,-1
301,351,341147,3
301,351,342619,-1
301,351,342683,1
301,351,403990,-1
301,351,562275,93
301,351,657194,306
301,351,661424,18
301,351,677856,-1
301,351,824624,109
301,351,828865,318
301,74,839592,39
301,74,996321,356
301,74,1002011,200
301,351,1005339,260
301,351,1012848,859
301,351,1425710,-1
301,351,1943651,154
301,351,1948152,65
301,351,2197271,-1
302,84,2204215,3
302,84,2204291,2
303,348,1131682,63
303,158,1967672,11
304,126,1102591,2
304,126,1102622,11
304,126,1102650,-1
304,126,1102683,11
304,451,1962503,20
305,517,134196,0
305,197,162192,171
305,517,379294,89
305,517,389195,30
305,197,478904,3
305,517,927186,2
305,197,1020654,7
305,197,1025598,60
305,517,1029749,3
305,517,1029847,92
305,197,1089221,112
305,517,1091460,2
305,517,1091934,2
305,517,1091960,0
305,197,1159619,3
305,2,1159997,2
305,197,1270800,0
305,517,1271893,53
305,2,1272031,2
305,2,1276089,119
305,517,1286341,2
305,517,1356124,2
305,197,1357209,-1
305,2,1358435,0
305,2,1362497,119
305,469,1542169,4
305,197,1593478,3
305,197,1618331,0
305,197,1857842,3
305,197,1858066,4
305,197,1858151,385
305,197,1870477,3
305,197,1870646,2
305,469,1870692,3
305,197,1870752,101
305,469,1874787,9
305,517,1955974,37
305,2,2171396,110
305,469,2216415,13
305,197,2282432,3
305,517,2314286,0
306,235,990424,0
306,235,990436,0
306,235,2025614,36
307,156,222220,133
307,156,286064,0
307,156,288048,79
307,156,288219,0
307,156,288256,30
307,156,288927,41
307,156,2040571,9
308,162,662253,2
309,514,292837,33
309,514,899912,36
309,514,1787914,7
309,514,2203360,2
310,368,679408,8
310,368,748626,3
310,172,1010449,3
310,368,1282763,-1
310,368,1289286,19
310,368,1289463,136
310,368,1290167,55
310,368,1290702,103
310,171,1426421,4
310,171,1863448,-1
312,204,1214986,41
313,410,155233,48
313,209,574951,250
313,209,1099035,0
313,325,1619668,0
313,209,1646894,0
313,209,1819618,0
313,209,1819627,33
313,410,2062550,-1
313,410,2205004,0
313,209,2205028,0
315,524,314827,13
315,524,389563,2
315,290,467591,-1
315,29,1530951,176
315,290,1693823,-1
315,290,1693895,3
315,290,1871229,2
315,290,1874765,21
315,290,1934164,17
315,290,2027115,0
315,524,2121495,0
316,150,386814,28
316,437,1201047,73
316,437,1203538,54
317,80,397273,287
317,80,1862493,0
317,80,1862620,-1
317,80,1893988,-1
317,80,2117213,150
317,63,2134429,226
317,63,2134673,678
318,158,725512,27
318,140,1341069,71
318,112,1352443,0
318,112,1353058,38
318,112,1360134,53
318,112,1380370,45
318,158,1874927,17
318,259,2114465,-1
318,259,2114520,2
319,33,147385,203
319,33,147785,41
319,33,326268,3
319,33,326282,3
319,33,672489,84
319,33,741181,3
319,33,818314,137
319,33,829462,3
319,33,1012345,-1
319,33,1019374,34
319,33,1079919,39
319,32,1101058,2
319,33,1481443,2
319,33,1519943,83
319,33,1615154,65
319,33,1615162,72
319,33,1703634,49
319,33,1778084,67
319,33,1791927,3
319,33,1795988,18
319,33,1796271,94
319,33,1799286,49
319,33,1951970,262
319,33,2030197,4
319,33,2220418,0
319,33,2227022,4
321,102,1271315,486
321,191,1464240,0
321,191,1467109,0
322,97,246735,-1
322,208,479838,20
322,208,480099,2
322,208,1614807,6
322,97,1626773,-1
322,97,1626985,0
322,529,2236110,5
322,529,2236147,2
323,289,697190,0
323,289,952593,-1
323,289,959131,38
323,289,959345,22
323,83,1096287,14
324,192,327798,75
324,192,1290190,6
324,192,1880362,318
324,192,1892772,8
324,192,2139083,6
324,192,2220049,2
325,107,1113901,42
325,313,1619782,137
325,313,2372219,-1
326,167,2027255,72
327,404,476240,49
327,404,1012659,3
327,514,1366267,41
327,404,1434395,34
327,404,1619047,43
327,404,1670141,6
327,404,1862099,0
327,404,2406265,42
328,139,37663,2
328,139,38277,3
328,30,40020,55
328,200,480819,96
328,294,503729,23
328,131,645739,6
328,483,666929,3
328,131,1182621,2
328,131,1521589,149
328,131,2033062,0
328,131,2047649,11
328,131,2395440,6
329,157,128912,0
329,399,128968,15
329,157,1074883,0
330,88,212403,14
330,88,1759680,35
330,88,2203089,3
330,440,2203120,4
330,440,2203149,2
332,476,216582,40
332,476,570627,102
332,476,1506916,46
332,476,1805811,79
332,476,1856298,291
332,476,2295607,-1
333,169,49704,38
333,49,658462,0
333,49,725432,35
334,378,301043,3
334,147,582048,39
334,344,664802,29
334,429,1008517,19
334,38,1479737,7
334,38,1479759,38
334,344,1679414,-1
334,378,1680677,19
334,378,2289647,0
336,447,60310,169
336,447,291509,0
336,222,383467,39
336,447,467836,0
336,447,658317,26
336,40,665512,2
336,495,925042,53
336,447,1103862,4
336,447,1167178,349
336,447,1427797,34
336,66,1445499,4
336,447,1534134,3
336,447,1534179,0
336,447,1537483,173
336,66,1632577,4
336,66,1634812,5
336,447,1947280,0
336,495,1962679,66
336,447,2036054,0
336,447,2042859,179
338,361,1092151,-1
338,361,1092605,27
339,349,1337989,-1
340,159,40307,0
340,395,1021043,4
340,395,1779043,473
340,395,1798931,1320
340,395,1887669,749
340,395,1888436,5
340,395,1888467,602
340,395,1889178,709
340,159,1960099,0
340,159,1960357,50
340,159,2128298,0
340,159,2198663,46
340,159,2279655,10
341,69,1073561,-1
341,69,2203899,-1
342,315,1126723,189
342,315,1126879,190
342,315,1705711,957
342,315,1705863,957
344,334,486027,0
344,334,570068,33
344,207,666846,40
344,207,672448,0
344,207,672588,12
344,138,996789,58
344,138,1000926,0
344,334,1002843,0
344,334,1003309,108
344,138,1006720,24
344,138,1006776,16
344,98,1092751,0
344,34,1596504,16
344,478,1596547,2
344,292,1596580,0
344,125,1827909,71
344,1,1827995,210
344,1,1899350,0
344,296,2116989,66
344,137,2302861,0
344,137,2304190,0
344,1,2307238,1
344,1,2311315,10
347,521,1445176,2
347,521,1943327,2
347,478,2029090,0
348,158,127501,2
348,158,129270,3
348,158,629377,40
348,210,631921,21
348,158,655691,39
348,158,666961,4
348,442,743047,13
348,158,842869,45
348,158,851142,0
348,158,932506,5
348,303,1130917,0
348,303,1130929,31
348,303,1131529,4
348,303,1138084,46
348,158,1367863,3
348,158,1967298,30
348,442,2033438,40
348,158,2138477,74
348,158,2220220,41
348,442,2226064,0
348,158,2226650,5
348,210,2227327,10
348,158,2227612,24
348,158,2229671,15
348,442,2389664,21
349,111,387865,0
349,111,584221,55
349,111,598861,0
349,8,925863,2
349,8,926218,1
349,9,1020413,-1
349,9,1020486,0
349,427,1020549,268
349,427,1084517,-1
349,427,1088987,29
349,427,1092529,36
349,427,1092955,25
349,339,1338441,4
349,339,1338506,2
349,111,1690209,0
349,111,1692918,0
349,9,1715690,0
349,8,1781930,0
349,111,1781935,92
349,111,1784937,23
349,427,1976210,404
349,339,2202445,5
349,427,2292021,30
349,339,2304839,28
350,40,234591,-1
350,40,1088913,34
351,301,210658,1029
351,301,210736,1029
351,301,224492,5
351,301,224679,43
351,301,224756,43
351,301,294956,40
351,301,295032,40
351,301,338138,123
351,301,338216,123
351,301,391077,248
351,301,405327,154
351,301,567106,12
351,301,680628,126
351,301,829227,176
351,74,998401,5
351,74,998481,-1
351,301,1005017,4
351,301,1005044,3
351,301,1031306,134
351,301,1425749,4
351,301,1429033,89
351,301,1449538,781
351,301,1949169,18
351,301,2200233,208
352,490,1140996,65
352,490,1141003,-1
352,490,1141088,398
352,44,1187794,30
352,44,2274623,41
352,490,2394482,8
352,490,2394602,1
353,266,753889,2
353,106,1547374,2
354,47,824795,2
354,47,824863,-1
355,9,574160,-1
355,9,574239,0
355,9,581043,-1
355,9,581078,0
355,9,581111,24
355,9,581123,0
355,9,581188,24
355,369,1812071,12
355,369,1812078,-1
356,247,1699561,38
356,247,1702554,52
357,406,229737,50
357,406,2215766,3
357,406,2215875,2
358,39,567121,13
359,432,553738,3
359,432,830682,20
359,432,831707,26
359,432,1021258,3
359,432,1021277,3
359,432,1021672,70
359,432,1079580,51
359,432,1079786,31
359,432,1080327,3
359,432,1080542,11
359,432,2051570,3
361,338,1092505,8
362,219,3920,670
362,0,15466,5
362,0,15497,28
362,26,182142,3
362,26,930833,249
362,0,1142661,3
362,0,1556995,16
363,292,674040,18
364,205,65089,2
365,185,1506657,60
366,463,1020294,43
367,199,331891,205
367,199,392238,25
367,199,486577,26
367,199,656113,463
367,199,772372,279
367,199,940222,19
367,261,1093312,-1
367,261,1100107,0
367,199,1110257,250
367,199,1190404,80
367,199,1359546,69
367,199,1701645,27
367,261,2048495,-1
367,199,2306991,17
367,199,2313236,13
367,199,2323869,59
368,310,682409,1245
368,310,1286037,2784
368,310,1289328,0
368,119,1290242,371
368,310,1290622,0
368,310,1290817,1515
368,171,2228753,86
369,355,1849036,5
369,355,1849077,0
371,228,373301,2
371,491,1619517,3
371,491,1620011,0
371,491,1620021,9
371,491,1620039,42
371,491,1684547,-1
371,491,1684758,84
371,491,1685854,11
371,491,1686320,14
371,228,1802524,1
371,228,1802889,2
373,184,757404,4
373,184,758048,3
373,184,825223,3
373,184,1082694,48
373,421,1088469,2
373,184,2188722,27
376,263,1101144,120
376,263,2308501,4
376,263,2308648,6
376,263,2324367,0
376,263,2326424,24
377,178,912304,0
377,431,2125940,20
378,334,580413,11
378,334,1680751,23
378,334,2201091,5
378,95,2300917,20
378,95,2300960,16
380,370,406331,-1
381,196,542681,-1
381,481,1630375,-1
381,196,1630425,19
382,267,378917,53
382,255,1107215,50
382,255,1107575,40
383,284,1701025,31
384,291,388544,17
384,200,821433,-1
384,200,1080925,-1
384,291,1855924,12
385,532,1073233,34
386,103,663301,157
386,103,663418,157
386,103,2412958,83
386,103,2413081,83
388,373,1963949,-1
389,120,477391,60
389,523,920517,30
391,448,382479,28
391,71,667921,48
391,71,668559,19
391,71,737030,28
391,284,738811,0
391,71,1015951,46
391,71,1017393,60
391,71,1023405,24
391,71,1977124,27
391,130,1977184,6
394,446,302192,36
394,446,1946690,11
395,340,1021814,191
395,340,1888445,2
396,300,303043,19
396,300,406728,5
396,6,406769,0
396,300,418167,0
396,300,475419,2
396,300,737399,-1
396,300,839509,37
396,300,1250513,-1
396,6,1250574,0
396,6,1250576,0
396,300,1255891,-1
396,300,1447508,-1
396,300,1512112,-1
396,300,1512161,2
396,300,2048232,58
396,300,2048303,58
396,300,2117260,3
396,300,2117290,1
396,6,2117316,19
397,121,2366001,0
398,320,1096667,60
398,320,1096675,65
398,155,1196281,0
398,155,1196412,48
399,157,402499,11
399,262,563086,188
399,157,724014,0
399,503,724299,2
399,157,724612,0
399,262,734527,74
399,108,752925,2
399,503,1038266,0
399,108,1073571,1
399,157,1074545,0
399,262,1121519,7
399,503,1121638,1
399,157,1121675,0
399,262,1443453,0
399,108,1463283,9
399,108,1463326,267
399,108,1463329,-1
399,108,1463619,1
399,108,1464015,2
399,108,1511959,6
399,503,1595699,10
399,108,1678269,-1
399,503,1714212,39
399,503,1789360,4
399,503,1828628,0
399,262,1872696,1
399,262,1876547,55
399,157,1883387,43
399,157,1886282,70
399,262,1887621,0
399,108,1963040,55
399,503,1976138,24
399,503,2162967,0
399,503,2200809,19
399,262,2304918,2
399,157,2304946,0
400,441,69668,515
400,441,388090,59
400,441,388476,19
400,131,416852,7
400,441,927274,307
400,190,1016138,91
400,190,1019467,2
400,190,1019512,91
400,190,1019911,4
400,190,1022843,-1
400,190,1023293,-1
400,441,1091978,135
400,441,1097847,41
400,441,1099277,-1
400,441,1099678,26
400,441,1179457,131
400,441,1360179,218
400,441,1625449,-1
400,441,1681071,0
400,441,1690345,205
400,441,1699591,54
400,441,1703305,-1
400,441,1704757,32
400,441,2135080,-1
400,441,2138429,190
400,441,2236728,0
400,131,2236821,6
400,131,2291763,-1
400,441,2416059,13
402,187,506286,14
402,187,1125989,-1
403,279,152084,33
403,474,288011,23
403,68,729696,24
403,474,907390,75
403,474,1100247,44
403,474,1100496,32
403,279,1100562,-1
403,68,1100594,48
403,68,1101380,-1
403,279,1101412,43
403,474,1105808,43
403,474,1529381,60
404,327,311714,3
404,327,314403,2
404,327,315677,1
404,327,391616,87
404,327,493352,11
404,327,659779,70
404,327,660044,13
404,327,900544,44
404,327,1009042,33
404,327,1012275,-1
404,327,1012692,91
404,327,1085596,41
404,327,1618895,1
404,327,1962086,30
404,327,2118403,28
404,327,2222943,39
404,327,2404931,2
404,327,2405011,1
404,327,2405393,2
404,327,2405535,1
404,327,2405643,1
404,327,2405805,1
404,327,2405918,1
404,327,2406036,1
405,395,840078,24
405,395,947421,186
406,357,229966,0
406,357,229979,0
406,357,229983,0
406,357,229998,2
406,357,230026,16
406,357,395102,0
406,357,902488,2
406,357,944135,331
406,64,1106276,130
406,465,1512182,22
406,187,1591976,0
406,187,1592043,0
406,465,1721942,102
406,357,1855985,0
406,357,1856028,0
406,357,1856373,0
406,465,2196073,107
406,187,2199264,3
406,357,2216419,23
406,465,2385863,176
408,36,374639,159
408,42,1154126,-1
408,42,1154155,-1
408,42,1154184,-1
408,42,1154211,-1
408,42,1154238,-1
408,42,1154282,-1
408,42,1154313,-1
408,42,1154339,-1
408,42,1154368,-1
408,42,1154395,-1
408,42,1154717,-1
408,42,1154746,-1
408,42,1156261,27
409,212,143816,124
409,212,227391,128
409,212,229960,75
409,134,244473,1300
409,212,255168,62
409,212,392248,35
409,73,393278,24
409,212,396459,2
409,212,476351,108
409,212,480552,1
409,212,480607,69
409,268,579380,0
409,268,579462,0
409,268,579883,0
409,268,579911,0
409,134,594679,0
409,134,609183,2
409,212,746938,130
409,212,832674,34
409,212,1076677,2
409,212,1079876,-1
409,73,1083508,0
409,73,1083543,2
409,212,1117001,10
409,212,1169148,59
409,212,1211414,1
409,212,1211429,4
409,212,1211716,34
409,134,1247391,107
409,212,1262666,75
409,73,1338927,2
409,212,1353166,83
409,134,1470349,0
409,212,1470422,307
409,212,1508927,281
409,134,1529943,2
409,134,1530044,1
409,212,1530070,184
409,134,1530270,3
409,73,1618102,0
409,212,1685242,2
409,449,1701028,0
409,449,1701186,0
409,212,1703233,211
409,212,1705088,0
409,449,1705101,1
409,212,1705168,61
409,212,1706038,54
409,134,1707875,0
409,134,1716392,1
409,134,1718333,2
409,212,1741653,42
409,212,1743917,15
409,212,1879723,94
409,212,1902484,582
409,212,1958361,1
409,212,1958369,2
409,212,1958405,1
409,212,1958463,413
409,212,2027083,109
409,134,2057181,8
409,134,2057312,1
409,212,2288828,1
409,212,2289288,194
409,212,2304538,5
409,212,2305107,2
409,212,2376133,1
410,313,155621,2
410,209,594317,14
410,209,1628886,0
410,313,1628925,31
410,313,2062758,95
411,245,1009929,54
411,245,1082413,16
412,72,573486,0
412,9,1448614,481
412,9,1448693,482
413,411,38151,0
413,411,38192,28
413,411,38892,11
413,274,895924,36
413,411,1342949,2
413,411,1342994,22
413,245,1579518,20
413,274,1668012,24
413,274,2009885,16
414,203,2118119,2
415,511,401535,19
415,97,742377,0
415,511,1109611,0
415,138,1636611,0
415,511,2202728,11
415,138,2314885,116
415,138,2315867,23
415,511,2315986,0
415,138,2315990,144
416,285,394588,0
416,57,1116165,41
417,214,229835,0
417,214,490384,0
417,214,1103477,19
418,298,1093828,0
418,298,1093833,0
419,6,999510,0
419,6,1670481,31
421,14,206862,35
421,14,224147,34
421,14,773940,412
421,14,828111,155
421,14,1429493,75
421,14,1434795,30
421,14,1532292,137
421,14,1546043,173
421,14,1703218,209
421,14,1937564,0
421,14,2198874,319
421,14,2218560,60
422,51,925606,130
422,195,1002554,-1
422,486,1196356,30
422,486,1775209,4
422,486,2394513,45
422,486,2394709,42
423,452,831074,17
424,271,1168098,0
424,271,1168104,0
424,352,1610646,3
424,352,1611910,3
424,352,2208235,134
424,271,2381426,53
425,246,718649,61
425,246,1600245,1
425,343,1616428,133
425,246,1926429,86
426,100,1101583,2
427,349,1091770,25
427,349,2214599,171
427,349,2291318,32
427,349,2309384,0
428,242,903532,2
428,242,905542,2
428,242,906462,1
429,110,1155839,0
429,199,2364618,24
429,497,2367327,2
429,497,2370009,2
429,497,2370245,37
430,115,1598788,27
430,115,1599341,-1
430,115,1599763,45
432,359,389068,4
432,359,389508,4
432,359,553799,104
432,359,642583,25
432,359,653201,42
432,359,830234,42
432,359,831641,6
432,359,1021246,0
432,359,1021296,114
432,359,2052434,60
433,4,1188358,20
434,282,754273,120
434,206,1112450,29
434,206,1249498,46
434,206,1804944,4
435,29,88134,-1
435,29,112247,34
435,29,112524,61
435,29,123841,99
435,29,153780,-1
435,29,153818,-1
435,29,327205,118
435,29,528177,676
435,29,844604,84
435,29,1016675,10
435,29,1093633,-1
435,29,1094123,291
435,29,1180920,58
435,29,1534918,118
435,29,1621263,64
435,29,1621356,236
435,29,1681774,69
435,29,1909134,96
435,29,1924941,23
435,29,2067880,87
436,455,120489,105
436,455,136430,358
436,455,139769,108
436,455,140489,365
436,455,225236,229
436,455,234247,521
436,455,312354,1328
436,455,473424,4
436,455,483180,195
436,455,644576,1203
436,455,646759,179
436,455,680404,572
436,455,681907,349
436,455,739642,58
436,455,833910,18
436,455,833922,-1
436,455,919108,4
436,455,1333871,4
436,455,1337852,449
436,455,1436383,0
436,455,1939022,156
436,455,2066463,1058
436,455,2142559,51
436,455,2241087,110
436,455,2276047,5
436,455,2276112,7
436,455,2276310,174
436,455,2277525,176
436,455,2284408,4
436,455,2290689,4
436,455,2309161,0
436,455,2310858,266
438,195,1011171,113
439,138,1541406,50
440,88,474433,34
440,88,820950,19
440,88,900474,45
440,88,1341146,37
440,330,1426006,-1
440,88,1426039,43
440,88,1518001,45
440,88,1601294,-1
440,330,1601318,-1
440,88,1601362,19
440,88,2015400,39
440,88,2030390,-1
440,88,2033183,-1
440,88,2289114,7
441,400,1097321,2
441,400,1133109,10
441,400,1737429,3
441,400,2136115,0
441,131,2324304,9
442,348,340325,0
442,204,1536114,44
442,204,1971243,0
442,348,2223659,21
442,158,2228323,72
443,477,37049,20
443,477,412277,21
443,477,488498,52
443,477,688867,146
443,477,725936,0
443,477,730132,55
443,477,762372,3
443,477,945107,53
443,477,1024874,96
443,477,1447737,24
443,477,1448926,2
443,477,1514308,64
443,477,1544247,0
443,477,1633452,0
443,477,1715727,0
443,477,1715763,0
443,477,1719721,0
443,477,1721361,35
443,477,1722371,123
443,477,1724115,16
443,477,1790042,386
443,477,1894252,0
443,477,1894292,0
443,477,1894482,0
443,477,1894513,0
443,477,1943879,0
443,477,1944041,15
443,477,1965479,79
443,477,2149178,0
443,477,2390482,34
444,335,465852,24
444,335,1471274,0
444,335,1471366,0
444,335,1471710,0
444,335,1472181,0
444,335,1472282,2
444,335,1472311,77
444,335,1472327,-1
444,335,1472356,77
444,335,2283790,165
445,494,2031203,38
445,186,2387422,55
446,394,303373,11
446,394,376552,-1
446,394,1073817,-1
446,394,1860628,209
447,336,291458,-1
447,336,658297,-1
447,336,659697,25
447,336,737031,30
447,336,855907,183
447,336,1016103,-1
447,336,1103345,-1
447,336,1103907,14
447,336,1166524,-1
447,336,1415114,11
447,336,1533818,-1
447,336,1535166,-1
448,130,76891,7
448,130,287444,0
448,130,380917,57
448,71,382664,28
448,130,382988,71
448,71,474042,72
448,130,677056,713
448,71,764650,672
448,71,765942,132
448,130,821848,6
448,130,1166838,0
448,71,1615503,3
448,130,1631305,0
448,71,1683587,2
448,71,1686646,4
448,71,1775470,13
448,130,1782128,2
448,130,1788255,116
448,71,1869823,2
448,130,1953554,596
448,130,2223412,96
449,409,1702875,68
449,409,1705132,25
450,403,200263,0
450,68,311512,67
450,279,1340099,110
451,296,301854,44
451,227,906385,0
452,174,151363,-1
452,116,996030,0
452,174,1010621,83
452,174,1031431,-1
452,174,1033812,-1
452,174,2202239,37
453,180,2046409,864
454,101,71648,142
454,101,1359915,166
454,101,2217704,11
455,436,119224,0
455,436,119425,5
455,436,120175,5
455,436,120336,4
455,436,122297,31
455,436,401327,83
455,436,401446,208
455,436,476463,6
455,436,919155,723
455,436,1008903,151
455,436,1335078,215
455,436,1369468,-1
455,436,1440375,-1
455,17,1634003,65
455,436,1938729,0
455,436,2058727,5
455,436,2134045,0
455,436,2290046,-1
455,436,2292120,232
455,436,2309207,150
456,475,147053,53
456,475,150303,-1
456,475,324404,-1
456,475,328053,-1
456,475,399003,12
456,475,471788,-1
456,475,472871,-1
456,475,1586506,49
456,475,1792919,106
456,475,1947278,87
456,475,1948283,-1
456,475,1977622,-1
456,475,1980854,16
459,137,309968,36
459,137,466762,81
460,175,480763,-1
460,324,672323,61
460,346,672414,117
460,346,1013330,53
460,180,1094697,73
461,491,2050181,-1
462,479,576348,43
462,479,1238841,0
462,479,1238850,31
462,479,1238891,119
462,295,1789107,89
462,479,2371597,0
464,37,1594500,43
465,406,1440018,489
465,406,2385789,2
466,257,731853,30
466,257,731935,31
466,257,1074293,2
466,257,1074395,-1
466,257,1102420,3
466,257,1102502,-1
466,257,1422255,54
466,257,1422323,54
466,257,1933838,1
466,257,1933921,-1
466,257,2030419,30
466,257,2030505,30
466,257,2309853,-1
466,257,2310953,-1
466,289,2329014,28
466,257,2329365,-1
466,289,2357920,28
467,185,113127,-1
467,17,853729,0
467,17,853736,11
467,17,853743,-1
467,17,2200175,0
468,209,55423,83
469,250,303887,10
469,250,304184,53
469,250,1083159,85
469,305,1545374,98
469,305,1546034,52
469,305,2216747,-1
470,531,488701,0
471,11,1693175,-1
471,11,1693221,55
471,63,1698686,239
472,142,1534868,17
473,472,1877709,-1
474,403,1080647,0
474,403,1081809,0
474,403,1082237,65
474,68,1101778,2
474,403,1106356,4
474,403,1519534,0
474,403,1616631,0
474,403,1616656,0
474,403,1616719,0
474,403,1616767,0
474,403,1616878,1
475,456,146777,0
475,456,146786,3
475,456,325241,0
475,456,325258,2
475,456,328846,3
475,456,330511,2
475,456,332240,1
475,456,470774,2
475,157,471130,0
475,157,471145,0
475,456,472014,2
475,456,472923,92
475,234,586354,63
475,157,605502,0
475,157,605598,0
475,255,1275756,270
475,255,1275758,-1
475,492,1689247,-1
475,492,1777320,2
475,456,1793042,14
475,456,1978070,83
475,443,2212276,3
475,477,2212309,25
475,157,2298963,0
475,157,2305883,0
476,332,47697,18
476,332,125449,21
476,332,216106,3
476,332,216179,0
476,332,236309,84
476,332,523145,129
476,332,563772,4
476,332,569633,0
476,332,569643,0
476,332,569660,4
476,332,569686,2
476,332,569722,2
476,332,570500,4
476,332,729248,2
476,332,901523,20
476,332,996360,1
476,332,1099154,0
476,332,1099184,0
476,332,1099322,2
476,332,1099748,2
476,332,1100100,16
476,332,1155112,3
476,332,1506414,2
476,332,1508121,0
476,332,1508144,5
476,332,1508185,8
476,332,1793562,434
476,332,1802918,0
476,332,1802924,2
476,143,1802989,13
476,332,1855893,2
476,332,1856269,0
476,332,1856281,2
476,143,1862242,0
476,332,2108743,2
476,332,2108773,0
476,332,2108803,16
476,332,2294778,111
477,443,411314,42
477,443,566071,-1
477,443,651123,13
477,443,687044,-1
477,443,726656,-1
477,443,729178,-1
477,443,759833,45
477,84,1088400,-1
477,270,1088480,159
477,270,1089626,34
477,270,1091743,16
477,443,1444767,7
477,443,1448977,10
477,443,1943597,-1
477,443,1944016,-1
477,84,2239705,-1
477,84,2239811,-1
477,84,2239848,-1
477,84,2239943,-1
477,443,2290595,-1
477,443,2290634,-1
478,278,305486,64
478,292,489013,15
478,292,899429,9
478,292,910489,46
478,292,1105472,6
478,292,1105515,5
478,292,1267033,37
478,292,1267172,10
478,292,1371308,10
478,239,1415536,0
478,239,1415542,0
478,239,1415581,17
478,292,1428331,0
478,292,1428476,20
478,292,1443021,59
478,292,1676815,32
478,292,1677906,57
478,292,1679163,18
478,292,1955777,40
478,278,2015456,4
478,278,2015467,3
478,239,2187410,0
478,292,2289393,0
478,278,2295102,101
479,281,212511,-1
479,265,212563,63
479,281,1597616,2
479,281,1616480,18
479,265,1688335,0
479,281,1703213,2
479,281,1704962,120
479,281,1862149,2
479,281,1954475,3
481,225,31312,11
481,196,1082805,68
481,381,1473477,303
481,225,1615998,10
481,196,1948962,31
482,292,129719,-1
482,292,141119,6
482,118,220149,30
482,292,373415,25
482,292,484425,6
482,292,496504,0
482,292,667975,0
482,292,721864,61
482,292,726145,38
482,136,927431,454
482,118,1011575,342
482,136,1124455,0
482,292,1124463,21
482,118,1439666,0
482,118,1439711,0
482,118,1440431,0
482,136,1440487,0
482,136,1440651,21
482,292,1445512,12
482,292,1445868,3
482,292,1693329,0
482,292,1693651,26
482,292,1957841,0
482,292,1961765,38
482,292,2234328,255
482,292,2276228,21
482,292,2299544,39
482,292,2300471,32
482,118,2309579,2
482,292,2312936,0
482,118,2316428,97
484,432,2333665,218
485,494,1774181,-1
485,494,1774295,2
485,494,1775908,73
485,494,1776020,73
485,494,1776251,27
485,494,1776364,27
485,494,1824220,-1
485,494,1824332,4
485,494,2301161,-1
485,494,2301280,3
486,422,1285773,0
486,422,2394139,2
486,422,2394293,1
487,230,495427,94
487,163,996769,17
488,223,65271,-1
488,223,2142083,636
489,153,318321,22
489,153,553441,-1
489,153,1096530,73
489,153,2291178,14
490,352,1136674,4
490,352,2394687,68
491,371,1619990,6
491,371,1620002,0
493,183,218524,46
493,295,837079,41
493,295,837872,31
493,295,838251,488
493,132,908360,0
493,132,908386,0
493,132,911081,138
493,132,913598,0
493,132,913615,102
493,132,1108743,0
493,295,1174071,8
493,132,1272275,0
494,485,1775429,0
494,485,1775556,-1
494,445,1788393,43
494,445,2135438,74
494,445,2138018,3
494,485,2301237,28
494,485,2301368,28
495,336,751472,0
495,336,924848,0
495,336,1178454,108
495,534,1424099,67
495,336,1962487,0
497,429,2370059,-1
497,429,2370188,-1
497,289,2407040,47
497,289,2407608,64
497,289,2414934,78
498,240,720150,0
498,240,1868160,15
498,240,2149466,13
498,240,2298952,13
499,24,1116246,47
499,24,1118896,100
500,151,493874,-1
500,151,1165634,100
500,253,1687411,30
501,180,126529,-1
501,180,126835,-1
502,248,124255,-1
502,248,395541,170
502,248,1677986,16
503,157,301434,-1
503,399,724926,21
503,399,1037466,-1
503,399,1039393,39
503,157,1110697,38
503,157,1111010,8
503,399,1524233,76
503,399,1595546,-1
503,399,1787367,-1
503,399,1789391,32
503,399,1791775,15
503,157,1791870,-1
503,399,1854201,42
503,399,1863615,9
503,157,1868362,21
503,157,1869683,35
503,157,1872359,56
503,399,1884760,28
503,399,2025857,23
503,399,2199863,-1
503,157,2202754,-1
503,157,2295202,25
503,157,2304560,-1
504,75,810445,-1
504,75,810620,-1
504,75,810825,78
504,220,1862276,213
505,99,132569,44
505,59,511578,-1
505,59,522287,72
505,99,1091366,-1
505,99,1091541,111
505,99,1954753,18
505,99,2131797,74
505,276,2205978,10
508,20,2323539,0
509,387,140651,27
510,165,591173,38
511,415,1079335,41
511,415,1105115,107
511,415,1111338,44
511,415,1258641,11
511,415,1686732,-1
511,415,2319966,1
511,415,2331260,-1
512,72,615241,111
512,72,813651,90
512,332,1767955,-1
514,327,1364904,0
515,238,1087503,-1
516,387,2304247,53
517,305,927163,-1
517,305,927215,-1
517,305,1030924,-1
517,305,1030991,59
517,305,1031138,24
517,305,1095794,309
517,48,1161058,25
517,305,1282733,-1
517,305,1286542,117
517,305,1356186,81
517,48,1358032,14
517,48,1845789,-1
517,48,1853420,145
517,48,1874096,678
517,305,1955812,-1
517,305,1974604,887
518,96,1014075,-1
518,174,1388157,99
518,174,1388283,196
519,284,207224,-1
519,284,207544,71
519,284,737000,18
521,347,1943522,34
522,334,605696,-1
522,82,1101743,87
522,82,2402522,99
522,82,2403061,54
523,389,823273,11
523,389,994570,66
523,389,994722,14
523,389,1445602,18
523,389,2213071,25
523,389,2220067,43
523,389,2398287,62
524,315,314950,99
525,3,1169606,-1
525,3,1169994,95
525,3,1243514,31
525,3,1694325,-1
525,3,1846181,-1
526,375,2034033,-1
527,324,374067,21
527,44,905741,70
527,44,1001360,63
527,352,1194600,36
528,13,823327,33
530,137,216901,10
530,459,222761,24
530,137,825071,-1
530,137,825248,-1
530,137,826496,0
530,137,2032081,0
530,137,2032272,0
532,104,1794151,67
532,189,2132381,4
532,90,2132435,43
532,90,2284961,0
534,188,237052,48
534,173,389303,29
534,345,607771,-1
534,345,607827,-1
535,271,1512612,27
535,144,1791035,23
